date,day_of_week,meal_type,menu,total_students,visitor_bookings,visitor_attendance_rate,expected_visitor_attendance,student_attendance_rate,expected_student_attendance,expected_attendance,previous_day_attendance,previous_day_prepared_kg,previous_day_consumed_kg,previous_day_waste_kg,holiday,exam_period,temperature_c,quantity_prepared_kg,actual_consumed_kg,waste_kg,quantity_required_kg
2025-01-01,Wednesday,Breakfast,"Upma, Coffee",500,3,0.81,2,0.87,437,439,434,107.91,101.4,6.76,0,0,20.3,110.11,103.47,6.63,102.92
2025-01-01,Wednesday,Dinner,"Paneer Curry, Roti, Rice",500,11,0.92,10,0.96,480,490,482,214.48,208.6,6.12,0,0,27.0,218.86,212.86,6.0,213.35
2025-01-01,Wednesday,Lunch,"Dal, Rice, Roti, Mixed Veg",500,28,0.86,24,0.92,460,484,483,207.24,198.11,9.51,0,0,20.0,211.47,202.15,9.32,206.95
2025-01-01,Wednesday,Snacks,"Pakora, Tea",500,15,0.93,14,0.87,433,447,443,67.88,63.91,4.14,0,0,21.2,69.27,65.21,4.06,66.97
2025-01-02,Thursday,Breakfast,"Idli, Sambar, Chutney",500,15,0.93,14,0.85,426,440,439,110.11,103.47,6.63,0,0,18.7,121.14,115.16,5.97,116.62
2025-01-02,Thursday,Dinner,"Khichdi, Papad",500,34,0.83,28,0.93,464,492,490,218.86,212.86,6.0,0,0,19.8,205.28,195.53,9.75,197.78
2025-01-02,Thursday,Lunch,"Chole, Roti, Curd",500,24,0.93,22,0.94,472,494,484,211.47,202.15,9.32,0,0,20.0,224.49,209.15,15.34,209.58
2025-01-02,Thursday,Snacks,"Pakora, Tea",500,7,0.95,7,0.88,440,447,447,69.27,65.21,4.06,0,0,17.3,63.92,59.26,4.67,61.42
2025-01-03,Friday,Breakfast,"Idli, Sambar, Chutney",500,14,0.91,13,0.87,436,449,440,121.14,115.16,5.97,0,0,18.7,122.3,116.33,5.97,115.87
2025-01-03,Friday,Dinner,"Veg Biryani, Raita",500,33,0.98,32,0.9,448,480,492,205.28,195.53,9.75,0,0,22.4,213.23,201.28,11.95,207.35
2025-01-03,Friday,Lunch,"Dal, Rice, Roti, Mixed Veg",500,6,0.98,6,0.97,487,493,494,224.49,209.15,15.34,0,0,21.3,224.54,215.01,9.54,213.92
2025-01-03,Friday,Snacks,"Sandwich, Juice",500,15,0.94,14,0.91,456,470,447,63.92,59.26,4.67,0,0,21.0,71.79,67.79,4.01,67.25
2025-01-04,Saturday,Breakfast,"Bread Omelette, Milk",500,2,0.89,2,0.86,431,433,449,122.3,116.33,5.97,0,0,16.8,117.45,113.14,4.31,112.3
2025-01-04,Saturday,Dinner,"Paneer Curry, Roti, Rice",500,36,0.87,31,0.88,442,473,480,213.23,201.28,11.95,0,0,17.2,214.4,206.73,7.66,209.66
2025-01-04,Saturday,Lunch,"Sambar Rice, Papad",500,13,0.91,12,0.88,442,454,493,224.54,215.01,9.54,0,0,21.6,194.74,183.44,11.3,183.04
2025-01-04,Saturday,Snacks,"Pakora, Tea",500,2,0.91,2,0.87,435,437,470,71.79,67.79,4.01,0,0,19.4,66.21,60.78,5.43,64.81
2025-01-05,Sunday,Breakfast,"Idli, Sambar, Chutney",500,11,0.89,10,0.85,423,433,433,117.45,113.14,4.31,0,0,25.4,117.36,111.37,5.99,111.5
2025-01-05,Sunday,Dinner,"Veg Biryani, Raita",500,24,0.92,22,0.91,454,476,473,214.4,206.73,7.66,0,0,22.3,215.96,204.62,11.35,208.27
2025-01-05,Sunday,Lunch,"Rajma, Rice, Salad",500,29,0.87,25,0.92,458,483,454,194.74,183.44,11.3,0,0,17.8,198.46,191.22,7.24,189.02
2025-01-05,Sunday,Snacks,Fruit Chaat,500,4,0.9,4,0.83,413,417,437,66.21,60.78,5.43,0,0,21.5,56.29,53.7,2.59,53.66
2025-01-06,Monday,Breakfast,"Idli, Sambar, Chutney",500,18,0.88,16,0.91,456,472,433,117.36,111.37,5.99,0,0,23.3,124.97,120.92,4.05,119.93
2025-01-06,Monday,Dinner,"Veg Biryani, Raita",500,11,0.88,10,0.87,433,443,476,215.96,204.62,11.35,0,0,21.5,204.92,200.25,4.67,197.43
2025-01-06,Monday,Lunch,"Chole, Roti, Curd",500,8,0.89,7,0.9,450,457,483,198.46,191.22,7.24,0,0,19.4,197.07,184.78,12.29,183.88
2025-01-06,Monday,Snacks,"Pakora, Tea",500,18,0.88,16,0.88,441,457,417,56.29,53.7,2.59,0,0,18.2,66.69,63.36,3.33,65.08
2025-01-07,Tuesday,Breakfast,"Upma, Coffee",500,11,0.91,10,0.88,442,452,472,124.97,120.92,4.05,0,0,21.0,113.62,107.14,6.48,107.46
2025-01-07,Tuesday,Dinner,"Paneer Curry, Roti, Rice",500,25,0.9,22,0.92,458,480,443,204.92,200.25,4.67,0,0,21.4,231.01,221.92,9.09,219.59
2025-01-07,Tuesday,Lunch,"Rajma, Rice, Salad",500,19,0.92,18,0.92,458,476,457,197.07,184.78,12.29,0,0,16.0,209.83,203.03,6.8,201.83
2025-01-07,Tuesday,Snacks,Fruit Chaat,500,17,0.98,17,0.91,456,473,457,66.69,63.36,3.33,0,0,21.2,62.4,58.78,3.62,59.42
2025-01-08,Wednesday,Breakfast,"Upma, Coffee",500,11,0.96,11,0.89,444,455,452,113.62,107.14,6.48,0,0,19.6,114.95,110.74,4.2,111.09
2025-01-08,Wednesday,Dinner,"Paneer Curry, Roti, Rice",500,34,0.91,31,0.92,462,493,480,231.01,221.92,9.09,0,0,19.7,231.12,226.23,4.89,217.49
2025-01-08,Wednesday,Lunch,"Dal, Rice, Roti, Mixed Veg",500,10,0.91,9,0.95,476,485,476,209.83,203.03,6.8,0,0,23.7,225.94,213.55,12.39,212.01
2025-01-08,Wednesday,Snacks,"Pakora, Tea",500,10,0.92,9,0.86,432,441,473,62.4,58.78,3.62,0,0,18.8,70.85,66.5,4.35,66.99
2025-01-09,Thursday,Breakfast,"Idli, Sambar, Chutney",500,2,0.9,2,0.82,410,412,455,114.95,110.74,4.2,0,0,20.1,109.35,98.57,10.78,103.38
2025-01-09,Thursday,Dinner,"Khichdi, Papad",500,20,0.87,17,0.9,449,466,493,231.12,226.23,4.89,0,0,19.8,195.07,182.47,12.6,185.24
2025-01-09,Thursday,Lunch,"Chole, Roti, Curd",500,7,0.91,6,0.94,468,474,485,225.94,213.55,12.39,0,0,17.5,217.3,205.47,11.83,204.6
2025-01-09,Thursday,Snacks,"Pakora, Tea",500,6,0.86,5,0.88,441,446,441,70.85,66.5,4.35,0,0,19.9,70.4,65.89,4.52,65.91
2025-01-10,Friday,Breakfast,"Idli, Sambar, Chutney",500,3,0.87,3,0.89,446,449,412,109.35,98.57,10.78,0,0,20.0,120.94,117.21,3.74,113.51
2025-01-10,Friday,Dinner,"Veg Biryani, Raita",500,10,0.82,8,0.89,446,454,466,195.07,182.47,12.6,0,0,18.0,223.09,209.31,13.79,209.65
2025-01-10,Friday,Lunch,"Dal, Rice, Roti, Mixed Veg",500,13,0.85,11,0.96,480,491,474,217.3,205.47,11.83,0,0,22.6,224.46,211.02,13.45,219.95
2025-01-10,Friday,Snacks,"Sandwich, Juice",500,19,0.94,18,0.89,446,464,446,70.4,65.89,4.52,0,0,22.6,70.48,67.15,3.33,68.34
2025-01-11,Saturday,Breakfast,"Bread Omelette, Milk",500,5,0.94,5,0.82,408,413,449,120.94,117.21,3.74,0,0,20.7,116.46,109.04,7.43,110.43
2025-01-11,Saturday,Dinner,"Paneer Curry, Roti, Rice",500,10,0.88,9,0.86,431,440,454,223.09,209.31,13.79,0,0,19.3,199.23,188.02,11.2,187.11
2025-01-11,Saturday,Lunch,"Sambar Rice, Papad",500,34,0.88,30,0.92,462,492,491,224.46,211.02,13.45,0,0,25.0,207.74,195.82,11.92,200.27
2025-01-11,Saturday,Snacks,"Pakora, Tea",500,6,0.95,6,0.82,412,418,464,70.48,67.15,3.33,0,0,23.7,67.18,61.97,5.2,62.66
2025-01-12,Sunday,Breakfast,"Idli, Sambar, Chutney",500,13,0.83,11,0.81,403,414,413,116.46,109.04,7.43,0,0,20.0,116.08,106.46,9.62,107.99
2025-01-12,Sunday,Dinner,"Veg Biryani, Raita",500,13,0.98,13,0.91,454,467,440,199.23,188.02,11.2,0,0,19.2,214.8,200.83,13.96,203.9
2025-01-12,Sunday,Lunch,"Rajma, Rice, Salad",500,5,0.92,5,0.93,466,471,492,207.74,195.82,11.92,0,0,20.0,212.06,205.34,6.72,197.4
2025-01-12,Sunday,Snacks,Fruit Chaat,500,18,0.95,17,0.82,412,429,418,67.18,61.97,5.2,0,0,19.8,57.55,53.03,4.52,54.87
2025-01-13,Monday,Breakfast,"Idli, Sambar, Chutney",500,7,0.94,7,0.9,450,457,414,116.08,106.46,9.62,0,0,18.7,134.48,127.27,7.21,125.27
2025-01-13,Monday,Dinner,"Veg Biryani, Raita",500,31,0.91,28,0.9,451,479,467,214.8,200.83,13.96,0,0,21.1,219.41,212.16,7.25,209.08
2025-01-13,Monday,Lunch,"Chole, Roti, Curd",500,26,0.92,24,0.92,462,486,471,212.06,205.34,6.72,0,0,17.5,212.16,199.4,12.75,205.38
2025-01-13,Monday,Snacks,"Pakora, Tea",500,17,0.88,15,0.93,463,478,429,57.55,53.03,4.52,0,0,22.2,78.26,74.13,4.13,73.4
2025-01-14,Tuesday,Breakfast,"Upma, Coffee",500,13,0.9,12,0.83,416,428,457,134.48,127.27,7.21,0,0,23.6,104.87,99.12,5.76,102.31
2025-01-14,Tuesday,Dinner,"Paneer Curry, Roti, Rice",500,16,0.86,14,0.89,444,458,479,219.41,212.16,7.25,0,0,22.2,194.76,186.29,8.47,188.3
2025-01-14,Tuesday,Lunch,"Rajma, Rice, Salad",500,16,0.93,15,0.98,490,505,486,212.16,199.4,12.75,0,0,16.9,233.94,222.19,11.75,218.86
2025-01-14,Tuesday,Snacks,Fruit Chaat,500,16,0.94,15,0.92,460,475,478,78.26,74.13,4.13,0,0,16.1,65.94,63.44,2.5,62.2
2025-01-15,Wednesday,Breakfast,"Upma, Coffee",500,9,0.92,8,0.9,450,458,428,104.87,99.12,5.76,0,0,17.1,117.23,111.6,5.63,112.24
2025-01-15,Wednesday,Dinner,"Paneer Curry, Roti, Rice",500,5,0.96,5,0.94,470,475,458,194.76,186.29,8.47,0,0,18.4,225.01,211.0,14.0,217.53
2025-01-15,Wednesday,Lunch,"Dal, Rice, Roti, Mixed Veg",500,11,0.96,11,0.91,456,467,505,233.94,222.19,11.75,0,0,19.8,210.09,200.19,9.9,203.9
2025-01-15,Wednesday,Snacks,"Pakora, Tea",500,4,0.91,4,0.88,442,446,475,65.94,63.44,2.5,0,0,20.4,66.62,61.27,5.35,64.78
2025-01-16,Thursday,Breakfast,"Idli, Sambar, Chutney",500,6,0.93,6,0.89,447,453,458,117.23,111.6,5.63,0,0,21.1,123.71,117.17,6.55,116.52
2025-01-16,Thursday,Dinner,"Khichdi, Papad",500,5,0.97,5,0.88,438,443,475,225.01,211.0,14.0,0,0,19.1,181.43,169.0,12.43,174.8
2025-01-16,Thursday,Lunch,"Chole, Roti, Curd",500,24,0.94,23,0.95,477,500,467,210.09,200.19,9.9,0,0,18.3,217.12,211.24,5.87,204.64
2025-01-16,Thursday,Snacks,"Pakora, Tea",500,3,0.95,3,0.9,448,451,446,66.62,61.27,5.35,0,0,25.2,68.88,64.72,4.16,67.0
2025-01-17,Friday,Breakfast,"Idli, Sambar, Chutney",500,4,0.96,4,0.87,435,439,453,123.71,117.17,6.55,0,0,21.9,118.72,113.03,5.69,113.05
2025-01-17,Friday,Dinner,"Veg Biryani, Raita",500,20,0.88,18,0.95,475,493,443,181.43,169.0,12.43,0,0,22.0,236.1,223.41,12.69,220.2
2025-01-17,Friday,Lunch,"Dal, Rice, Roti, Mixed Veg",500,4,0.95,4,0.93,466,470,500,217.12,211.24,5.87,0,0,22.8,219.04,209.04,10.0,205.49
2025-01-17,Friday,Snacks,"Sandwich, Juice",500,16,0.98,16,0.87,437,453,451,68.88,64.72,4.16,0,0,23.2,63.6,59.73,3.87,60.85
2025-01-18,Saturday,Breakfast,"Bread Omelette, Milk",500,16,0.98,16,0.86,431,447,439,118.72,113.03,5.69,0,0,18.9,121.06,113.51,7.55,113.96
2025-01-18,Saturday,Dinner,"Paneer Curry, Roti, Rice",500,7,0.84,6,0.87,436,442,493,236.1,223.41,12.69,0,0,21.5,203.33,194.26,9.07,194.87
2025-01-18,Saturday,Lunch,"Sambar Rice, Papad",500,22,0.91,20,0.9,452,472,470,219.04,209.04,10.0,0,0,23.4,211.91,203.07,8.84,201.94
2025-01-18,Saturday,Snacks,"Pakora, Tea",500,2,0.91,2,0.84,422,424,453,63.6,59.73,3.87,0,0,21.1,63.11,56.8,6.32,61.71
2025-01-19,Sunday,Breakfast,"Idli, Sambar, Chutney",500,22,0.95,21,0.8,400,421,447,121.06,113.51,7.55,0,0,21.2,118.07,107.82,10.25,112.46
2025-01-19,Sunday,Dinner,"Veg Biryani, Raita",500,40,0.93,37,0.89,444,481,442,203.33,194.26,9.07,0,0,16.1,216.48,211.68,4.8,208.68
2025-01-19,Sunday,Lunch,"Rajma, Rice, Salad",500,29,0.86,25,0.91,456,481,472,211.91,203.07,8.84,0,0,21.2,215.64,205.79,9.85,203.7
2025-01-19,Sunday,Snacks,Fruit Chaat,500,6,0.94,6,0.85,424,430,424,63.11,56.8,6.32,0,0,19.3,59.8,56.43,3.37,56.4
2025-01-20,Monday,Breakfast,"Idli, Sambar, Chutney",500,4,0.95,4,0.87,434,438,421,118.07,107.82,10.25,0,0,19.8,117.2,111.91,5.29,114.2
2025-01-20,Monday,Dinner,"Veg Biryani, Raita",500,30,0.87,26,0.94,472,498,481,216.48,211.68,4.8,0,0,21.2,219.1,211.64,7.45,213.37
2025-01-20,Monday,Lunch,"Chole, Roti, Curd",500,9,0.91,8,0.92,460,468,481,215.64,205.79,9.85,0,0,20.4,205.27,190.35,14.92,191.35
2025-01-20,Monday,Snacks,"Pakora, Tea",500,7,0.93,6,0.9,452,458,430,59.8,56.43,3.37,0,0,20.3,69.85,66.43,3.43,65.17
2025-01-21,Tuesday,Breakfast,"Upma, Coffee",500,16,0.87,14,0.81,406,420,438,117.2,111.91,5.29,0,0,19.7,100.41,92.16,8.25,98.4
2025-01-21,Tuesday,Dinner,"Paneer Curry, Roti, Rice",500,12,0.89,11,0.87,437,448,498,219.1,211.64,7.45,0,0,16.9,222.61,210.69,11.92,208.65
2025-01-21,Tuesday,Lunch,"Rajma, Rice, Salad",500,16,0.86,14,0.96,478,492,468,205.27,190.35,14.92,0,0,25.2,225.47,213.88,11.59,216.4
2025-01-21,Tuesday,Snacks,Fruit Chaat,500,18,0.86,15,0.92,460,475,458,69.85,66.43,3.43,0,0,20.8,63.85,60.88,2.97,60.42
2025-01-22,Wednesday,Breakfast,"Upma, Coffee",500,5,0.95,5,0.95,474,479,420,100.41,92.16,8.25,0,0,24.5,116.74,112.64,4.1,111.45
2025-01-22,Wednesday,Dinner,"Paneer Curry, Roti, Rice",500,26,0.98,25,0.92,458,483,448,222.61,210.69,11.92,0,0,21.8,221.34,213.73,7.61,213.2
2025-01-22,Wednesday,Lunch,"Dal, Rice, Roti, Mixed Veg",500,5,0.89,4,0.91,457,461,492,225.47,213.88,11.59,0,0,26.8,201.08,191.68,9.4,190.89
2025-01-22,Wednesday,Snacks,"Pakora, Tea",500,7,0.86,6,0.88,440,446,475,63.85,60.88,2.97,0,0,21.5,68.07,63.71,4.35,66.12
2025-01-23,Thursday,Breakfast,"Idli, Sambar, Chutney",500,4,0.89,4,0.87,437,441,479,116.74,112.64,4.1,0,0,22.0,117.44,110.83,6.62,112.43
2025-01-23,Thursday,Dinner,"Khichdi, Papad",500,18,0.91,16,0.9,448,464,483,221.34,213.73,7.61,0,0,18.2,189.63,182.11,7.52,179.4
2025-01-23,Thursday,Lunch,"Chole, Roti, Curd",500,26,0.91,24,0.92,460,484,461,201.08,191.68,9.4,0,0,20.6,208.81,195.17,13.64,200.3
2025-01-23,Thursday,Snacks,"Pakora, Tea",500,19,0.85,16,0.88,440,456,446,68.07,63.71,4.35,0,0,17.0,71.73,64.98,6.75,67.97
2025-01-24,Friday,Breakfast,"Idli, Sambar, Chutney",500,5,0.94,5,0.89,443,448,441,117.44,110.83,6.62,0,0,20.1,122.25,114.32,7.93,115.44
2025-01-24,Friday,Dinner,"Veg Biryani, Raita",500,24,0.91,22,0.93,464,486,464,189.63,182.11,7.52,0,0,20.2,225.64,212.12,13.52,215.97
2025-01-24,Friday,Lunch,"Dal, Rice, Roti, Mixed Veg",500,12,0.82,10,0.93,465,475,484,208.81,195.17,13.64,0,0,27.5,210.69,197.7,13.0,205.49
2025-01-24,Friday,Snacks,"Sandwich, Juice",500,5,0.93,5,0.88,440,445,456,71.73,64.98,6.75,0,0,16.7,61.31,58.87,2.44,59.86
2025-01-25,Saturday,Breakfast,"Bread Omelette, Milk",500,4,0.94,4,0.87,435,439,448,122.25,114.32,7.93,0,0,23.3,121.74,116.79,4.95,116.54
2025-01-25,Saturday,Dinner,"Paneer Curry, Roti, Rice",500,23,0.92,21,0.94,468,489,486,225.64,212.12,13.52,0,0,20.9,218.64,206.8,11.85,213.72
2025-01-25,Saturday,Lunch,"Sambar Rice, Papad",500,10,0.97,10,0.81,407,417,475,210.69,197.7,13.0,0,0,26.1,172.46,158.43,14.02,168.23
2025-01-25,Saturday,Snacks,"Pakora, Tea",500,10,0.85,9,0.83,415,424,445,61.31,58.87,2.44,0,0,20.9,64.57,58.48,6.09,62.24
2025-01-26,Sunday,Breakfast,"Idli, Sambar, Chutney",500,5,0.81,4,0.84,419,423,439,121.74,116.79,4.95,0,0,24.4,113.32,105.14,8.17,110.39
2025-01-26,Sunday,Dinner,"Veg Biryani, Raita",500,6,0.9,5,0.88,440,445,489,218.64,206.8,11.85,0,0,20.8,207.66,196.57,11.09,195.16
2025-01-26,Sunday,Lunch,"Rajma, Rice, Salad",500,31,0.87,27,0.89,443,470,417,172.46,158.43,14.02,0,0,21.7,222.71,211.13,11.57,211.22
2025-01-26,Sunday,Snacks,Fruit Chaat,500,2,0.8,2,0.83,416,418,424,64.57,58.48,6.09,0,0,18.6,57.95,55.26,2.68,54.55
2025-01-27,Monday,Breakfast,"Idli, Sambar, Chutney",500,14,0.82,12,0.84,419,431,423,113.32,105.14,8.17,0,0,23.4,115.59,109.5,6.08,108.28
2025-01-27,Monday,Dinner,"Veg Biryani, Raita",500,13,0.89,12,0.91,456,468,445,207.66,196.57,11.09,0,0,24.5,216.75,210.36,6.4,207.33
2025-01-27,Monday,Lunch,"Chole, Roti, Curd",500,20,0.89,18,0.91,456,474,470,222.71,211.13,11.57,0,0,23.1,204.62,193.19,11.43,194.47
2025-01-27,Monday,Snacks,"Pakora, Tea",500,13,0.89,12,0.9,448,460,418,57.95,55.26,2.68,0,0,24.5,67.9,63.85,4.06,66.16
2025-01-28,Tuesday,Breakfast,"Upma, Coffee",500,3,0.9,3,0.86,428,431,431,115.59,109.5,6.08,0,0,25.0,113.24,109.98,3.26,106.32
2025-01-28,Tuesday,Dinner,"Paneer Curry, Roti, Rice",500,9,0.87,8,0.88,442,450,468,216.75,210.36,6.4,0,0,21.4,205.99,199.91,6.08,200.31
2025-01-28,Tuesday,Lunch,"Rajma, Rice, Salad",500,14,0.9,13,0.95,474,487,474,204.62,193.19,11.43,0,0,23.6,210.6,202.65,7.95,204.17
2025-01-28,Tuesday,Snacks,Fruit Chaat,500,19,0.9,17,0.88,439,456,460,67.9,63.85,4.06,0,0,24.0,59.25,57.87,1.38,56.54
2025-01-29,Wednesday,Breakfast,"Upma, Coffee",500,8,0.85,7,0.88,438,445,431,113.24,109.98,3.26,0,0,19.5,112.55,106.68,5.88,104.91
2025-01-29,Wednesday,Dinner,"Paneer Curry, Roti, Rice",500,33,0.95,31,0.93,466,497,450,205.99,199.91,6.08,0,0,23.8,237.73,225.91,11.82,222.75
2025-01-29,Wednesday,Lunch,"Dal, Rice, Roti, Mixed Veg",500,25,0.89,22,0.93,465,487,487,210.6,202.65,7.95,0,0,21.3,221.25,210.58,10.67,206.37
2025-01-29,Wednesday,Snacks,"Pakora, Tea",500,12,0.98,12,0.91,456,468,456,59.25,57.87,1.38,0,0,18.7,74.84,70.44,4.4,70.52
2025-01-30,Thursday,Breakfast,"Idli, Sambar, Chutney",500,11,0.79,9,0.88,440,449,445,112.55,106.68,5.88,0,0,22.2,123.09,119.59,3.5,116.67
2025-01-30,Thursday,Dinner,"Khichdi, Papad",500,28,0.9,25,0.89,444,469,497,237.73,225.91,11.82,0,0,28.7,187.64,177.49,10.15,179.18
2025-01-30,Thursday,Lunch,"Chole, Roti, Curd",500,4,0.93,4,0.92,462,466,487,221.25,210.58,10.67,0,0,19.5,213.53,203.85,9.68,204.44
2025-01-30,Thursday,Snacks,"Pakora, Tea",500,9,0.91,8,0.89,444,452,468,74.84,70.44,4.4,0,0,19.1,69.2,65.62,3.58,65.03
2025-01-31,Friday,Breakfast,"Idli, Sambar, Chutney",500,2,0.89,2,0.9,450,452,449,123.09,119.59,3.5,0,0,23.0,125.03,119.71,5.33,118.55
2025-01-31,Friday,Dinner,"Veg Biryani, Raita",500,13,0.9,12,0.92,460,472,469,187.64,177.49,10.15,0,0,20.6,207.74,202.06,5.69,203.11
2025-01-31,Friday,Lunch,"Dal, Rice, Roti, Mixed Veg",500,20,0.97,19,0.91,456,475,466,213.53,203.85,9.68,0,0,21.7,206.16,194.55,11.61,197.58
2025-01-31,Friday,Snacks,"Sandwich, Juice",500,9,0.92,8,0.87,434,442,452,69.2,65.62,3.58,0,0,20.4,60.48,58.05,2.44,57.61
2025-02-01,Saturday,Breakfast,"Bread Omelette, Milk",500,8,0.96,8,0.84,419,427,452,125.03,119.71,5.33,0,0,24.3,120.88,110.67,10.2,114.36
2025-02-01,Saturday,Dinner,"Paneer Curry, Roti, Rice",500,38,0.94,36,0.93,464,500,472,207.74,202.06,5.69,0,0,17.1,235.18,225.15,10.02,221.18
2025-02-01,Saturday,Lunch,"Sambar Rice, Papad",500,24,0.9,22,0.9,451,473,475,206.16,194.55,11.61,0,0,21.8,200.18,191.63,8.56,188.89
2025-02-01,Saturday,Snacks,"Pakora, Tea",500,24,0.87,21,0.87,437,458,442,60.48,58.05,2.44,0,0,23.4,71.9,66.95,4.95,70.44
2025-02-02,Sunday,Breakfast,"Idli, Sambar, Chutney",500,10,0.93,9,0.83,417,426,427,120.88,110.67,10.2,0,0,17.8,120.06,111.33,8.73,113.37
2025-02-02,Sunday,Dinner,"Veg Biryani, Raita",500,38,0.84,32,0.84,420,452,500,235.18,225.15,10.02,0,0,26.1,213.63,199.37,14.26,199.54
2025-02-02,Sunday,Lunch,"Rajma, Rice, Salad",500,17,0.9,15,0.89,446,461,473,200.18,191.63,8.56,0,0,20.4,207.45,199.41,8.04,194.06
2025-02-02,Sunday,Snacks,Fruit Chaat,500,12,0.91,11,0.89,443,454,458,71.9,66.95,4.95,0,0,22.3,58.08,55.12,2.95,56.63
2025-02-03,Monday,Breakfast,"Idli, Sambar, Chutney",500,2,0.89,2,0.86,430,432,426,120.06,111.33,8.73,0,0,26.0,115.91,107.48,8.42,113.39
2025-02-03,Monday,Dinner,"Veg Biryani, Raita",500,5,0.9,4,0.91,454,458,452,213.63,199.37,14.26,0,0,23.4,215.7,205.71,9.99,204.09
2025-02-03,Monday,Lunch,"Chole, Roti, Curd",500,10,0.93,9,0.88,440,449,461,207.45,199.41,8.04,0,0,25.0,196.79,189.99,6.79,191.83
2025-02-03,Monday,Snacks,"Pakora, Tea",500,17,0.88,15,0.88,440,455,454,58.08,55.12,2.95,0,0,21.1,71.1,67.15,3.95,67.09
2025-02-04,Tuesday,Breakfast,"Upma, Coffee",500,11,0.89,10,0.85,424,434,432,115.91,107.48,8.42,0,0,19.1,116.24,107.53,8.71,108.36
2025-02-04,Tuesday,Dinner,"Paneer Curry, Roti, Rice",500,22,0.91,20,0.9,452,472,458,215.7,205.71,9.99,0,0,20.1,219.99,212.31,7.68,207.76
2025-02-04,Tuesday,Lunch,"Rajma, Rice, Salad",500,17,0.96,16,0.93,466,482,449,196.79,189.99,6.79,0,0,19.7,214.79,203.58,11.21,205.83
2025-02-04,Tuesday,Snacks,Fruit Chaat,500,16,0.88,14,0.87,436,450,455,71.1,67.15,3.95,0,0,16.0,56.64,53.52,3.12,55.2
2025-02-05,Wednesday,Breakfast,"Upma, Coffee",500,5,0.95,5,0.86,430,435,434,116.24,107.53,8.71,0,0,25.1,108.32,101.91,6.41,104.63
2025-02-05,Wednesday,Dinner,"Paneer Curry, Roti, Rice",500,18,0.98,18,0.9,452,470,472,219.99,212.31,7.68,0,0,24.8,214.61,205.87,8.74,209.25
2025-02-05,Wednesday,Lunch,"Dal, Rice, Roti, Mixed Veg",500,25,0.98,24,0.91,455,479,482,214.79,203.58,11.21,0,0,22.3,211.84,199.81,12.04,200.94
2025-02-05,Wednesday,Snacks,"Pakora, Tea",500,6,0.98,6,0.93,467,473,450,56.64,53.52,3.12,0,0,16.7,73.42,69.17,4.25,68.83
2025-02-06,Thursday,Breakfast,"Idli, Sambar, Chutney",500,3,0.89,3,0.87,433,436,435,108.32,101.91,6.41,0,0,25.1,119.46,109.12,10.33,116.48
2025-02-06,Thursday,Dinner,"Khichdi, Papad",500,27,0.93,25,0.91,455,480,470,214.61,205.87,8.74,0,0,19.6,205.71,196.35,9.36,194.24
2025-02-06,Thursday,Lunch,"Chole, Roti, Curd",500,17,0.94,16,0.93,464,480,479,211.84,199.81,12.04,0,0,19.4,205.42,197.92,7.5,198.68
2025-02-06,Thursday,Snacks,"Pakora, Tea",500,2,0.88,2,0.92,461,463,473,73.42,69.17,4.25,0,0,22.4,71.62,67.13,4.49,68.1
2025-02-07,Friday,Breakfast,"Idli, Sambar, Chutney",500,13,0.92,12,0.88,442,454,436,119.46,109.12,10.33,0,0,18.6,123.82,116.63,7.2,116.54
2025-02-07,Friday,Dinner,"Veg Biryani, Raita",500,13,0.9,12,0.9,450,462,480,205.71,196.35,9.36,0,0,27.1,214.71,205.72,8.99,201.2
2025-02-07,Friday,Lunch,"Dal, Rice, Roti, Mixed Veg",500,8,0.93,7,0.9,450,457,480,205.42,197.92,7.5,0,0,25.0,200.06,190.4,9.67,189.43
2025-02-07,Friday,Snacks,"Sandwich, Juice",500,6,0.94,6,0.92,458,464,463,71.62,67.13,4.49,0,0,23.8,65.45,61.27,4.18,61.34
2025-02-08,Saturday,Breakfast,"Bread Omelette, Milk",500,7,0.96,7,0.82,412,419,454,123.82,116.63,7.2,0,0,18.6,120.46,112.77,7.69,114.69
2025-02-08,Saturday,Dinner,"Paneer Curry, Roti, Rice",500,29,0.88,26,0.91,456,482,462,214.71,205.72,8.99,0,0,25.3,232.4,222.92,9.48,223.29
2025-02-08,Saturday,Lunch,"Sambar Rice, Papad",500,22,0.9,20,0.89,444,464,457,200.06,190.4,9.67,0,0,17.6,194.09,185.22,8.86,188.29
2025-02-08,Saturday,Snacks,"Pakora, Tea",500,4,0.92,4,0.84,420,424,464,65.45,61.27,4.18,0,0,18.6,63.54,57.58,5.96,62.19
2025-02-09,Sunday,Breakfast,"Idli, Sambar, Chutney",500,18,0.95,17,0.78,388,405,419,120.46,112.77,7.69,0,0,18.6,108.63,98.33,10.3,106.06
2025-02-09,Sunday,Dinner,"Veg Biryani, Raita",500,13,0.91,12,0.86,428,440,482,232.4,222.92,9.48,0,0,23.3,207.44,197.08,10.36,196.13
2025-02-09,Sunday,Lunch,"Rajma, Rice, Salad",500,28,0.94,26,0.86,430,456,464,194.09,185.22,8.86,0,0,23.8,199.12,187.18,11.94,188.98
2025-02-09,Sunday,Snacks,Fruit Chaat,500,10,0.86,9,0.83,414,423,424,63.54,57.58,5.96,0,0,20.1,54.83,50.69,4.14,52.48
2025-02-10,Monday,Breakfast,"Idli, Sambar, Chutney",500,14,0.88,12,0.84,420,432,405,108.63,98.33,10.3,0,0,21.6,116.65,108.71,7.94,112.4
2025-02-10,Monday,Dinner,"Veg Biryani, Raita",500,27,0.93,25,0.9,450,475,440,207.44,197.08,10.36,0,0,19.9,210.63,204.88,5.75,197.7
2025-02-10,Monday,Lunch,"Chole, Roti, Curd",500,13,0.95,12,0.95,477,489,456,199.12,187.18,11.94,0,0,23.1,218.16,202.69,15.47,206.47
2025-02-10,Monday,Snacks,"Pakora, Tea",500,10,0.93,9,0.86,432,441,423,54.83,50.69,4.14,0,0,22.6,66.38,61.48,4.9,62.35
2025-02-11,Tuesday,Breakfast,"Upma, Coffee",500,15,0.92,14,0.84,422,436,432,116.65,108.71,7.94,0,0,23.8,108.21,102.72,5.49,101.53
2025-02-11,Tuesday,Dinner,"Paneer Curry, Roti, Rice",500,27,0.88,24,0.91,456,480,475,210.63,204.88,5.75,0,0,25.9,214.87,205.78,9.09,206.3
2025-02-11,Tuesday,Lunch,"Rajma, Rice, Salad",500,8,0.88,7,0.98,488,495,489,218.16,202.69,15.47,0,0,20.4,221.92,211.23,10.69,208.7
2025-02-11,Tuesday,Snacks,Fruit Chaat,500,15,0.92,14,0.91,453,467,441,66.38,61.48,4.9,0,0,18.8,63.03,61.11,1.91,59.44
2025-02-12,Wednesday,Breakfast,"Upma, Coffee",500,13,0.96,13,0.84,419,432,436,108.21,102.72,5.49,0,0,18.9,113.64,105.42,8.23,110.32
2025-02-12,Wednesday,Dinner,"Paneer Curry, Roti, Rice",500,23,0.9,21,0.95,474,495,480,214.87,205.78,9.09,0,0,29.2,238.61,229.1,9.51,222.02
2025-02-12,Wednesday,Lunch,"Dal, Rice, Roti, Mixed Veg",500,17,0.95,16,0.95,476,492,495,221.92,211.23,10.69,0,0,23.4,231.18,224.22,6.96,216.43
2025-02-12,Wednesday,Snacks,"Pakora, Tea",500,4,0.89,4,0.87,436,440,467,63.03,61.11,1.91,0,0,24.8,65.11,60.05,5.06,62.89
2025-02-13,Thursday,Breakfast,"Idli, Sambar, Chutney",500,18,0.94,17,0.87,434,451,432,113.64,105.42,8.23,0,0,21.5,121.85,114.62,7.24,119.22
2025-02-13,Thursday,Dinner,"Khichdi, Papad",500,35,0.88,31,0.93,464,495,495,238.61,229.1,9.51,0,0,31.5,204.25,191.51,12.74,190.26
2025-02-13,Thursday,Lunch,"Chole, Roti, Curd",500,17,0.85,15,0.95,477,492,492,231.18,224.22,6.96,0,0,27.5,221.83,210.65,11.19,212.54
2025-02-13,Thursday,Snacks,"Pakora, Tea",500,15,0.84,13,0.88,440,453,440,65.11,60.05,5.06,0,0,22.8,68.94,64.97,3.97,66.13
2025-02-14,Friday,Breakfast,"Idli, Sambar, Chutney",500,9,0.86,8,0.8,402,410,451,121.85,114.62,7.24,0,0,25.1,114.0,104.35,9.64,107.08
2025-02-14,Friday,Dinner,"Veg Biryani, Raita",500,21,0.95,20,0.93,466,486,495,204.25,191.51,12.74,0,0,22.4,214.98,207.02,7.97,201.73
2025-02-14,Friday,Lunch,"Dal, Rice, Roti, Mixed Veg",500,23,0.86,20,0.97,486,506,492,221.83,210.65,11.19,0,0,24.2,227.26,217.09,10.17,222.16
2025-02-14,Friday,Snacks,"Sandwich, Juice",500,16,0.91,14,0.89,446,460,453,68.94,64.97,3.97,0,0,19.5,66.12,63.67,2.46,63.32
2025-02-15,Saturday,Breakfast,"Bread Omelette, Milk",500,18,0.92,17,0.86,428,445,410,114.0,104.35,9.64,0,0,20.9,135.46,126.9,8.57,126.54
2025-02-15,Saturday,Dinner,"Paneer Curry, Roti, Rice",500,16,0.88,14,0.86,429,443,486,214.98,207.02,7.97,0,0,26.4,202.57,190.54,12.03,197.36
2025-02-15,Saturday,Lunch,"Sambar Rice, Papad",500,23,0.9,21,0.9,450,471,506,227.26,217.09,10.17,0,0,26.0,198.94,190.6,8.33,194.2
2025-02-15,Saturday,Snacks,"Pakora, Tea",500,11,0.92,10,0.84,418,428,460,66.12,63.67,2.46,0,0,25.6,68.6,64.92,3.68,64.5
2025-02-16,Sunday,Breakfast,"Idli, Sambar, Chutney",500,20,0.9,18,0.8,398,416,445,135.46,126.9,8.57,0,0,20.2,111.12,102.14,8.98,106.86
2025-02-16,Sunday,Dinner,"Veg Biryani, Raita",500,6,0.86,5,0.89,446,451,443,202.57,190.54,12.03,0,0,23.2,220.03,210.95,9.07,207.67
2025-02-16,Sunday,Lunch,"Rajma, Rice, Salad",500,10,0.92,9,0.89,444,453,471,198.94,190.6,8.33,0,0,23.8,210.76,201.66,9.1,196.18
2025-02-16,Sunday,Snacks,Fruit Chaat,500,11,0.91,10,0.84,421,431,428,68.6,64.92,3.68,0,0,23.2,57.86,54.62,3.24,54.79
2025-02-17,Monday,Breakfast,"Idli, Sambar, Chutney",500,17,0.9,15,0.87,436,451,416,111.12,102.14,8.98,0,0,21.9,121.17,115.17,6.0,117.6
2025-02-17,Monday,Dinner,"Veg Biryani, Raita",500,29,0.89,26,0.9,449,475,451,220.03,210.95,9.07,0,0,26.2,222.0,208.11,13.89,214.9
2025-02-17,Monday,Lunch,"Chole, Roti, Curd",500,11,0.88,10,0.88,442,452,453,210.76,201.66,9.1,0,0,22.3,203.99,191.92,12.07,191.63
2025-02-17,Monday,Snacks,"Pakora, Tea",500,13,0.94,12,0.87,437,449,431,57.86,54.62,3.24,0,0,23.9,70.02,63.0,7.02,65.3
2025-02-18,Tuesday,Breakfast,"Upma, Coffee",500,16,0.85,14,0.9,448,462,451,121.17,115.17,6.0,0,0,19.7,117.07,109.54,7.53,109.99
2025-02-18,Tuesday,Dinner,"Paneer Curry, Roti, Rice",500,27,0.85,23,0.94,472,495,475,222.0,208.11,13.89,0,0,24.9,219.03,211.01,8.02,213.21
2025-02-18,Tuesday,Lunch,"Rajma, Rice, Salad",500,18,0.96,17,0.93,466,483,452,203.99,191.92,12.07,0,0,23.2,219.31,212.21,7.11,211.0
2025-02-18,Tuesday,Snacks,Fruit Chaat,500,11,0.89,10,0.85,426,436,449,70.02,63.0,7.02,0,0,25.1,61.93,58.31,3.62,59.05
2025-02-19,Wednesday,Breakfast,"Upma, Coffee",500,5,0.85,4,0.85,424,428,462,117.07,109.54,7.53,0,0,26.6,109.1,99.61,9.49,104.0
2025-02-19,Wednesday,Dinner,"Paneer Curry, Roti, Rice",500,24,0.92,22,0.92,460,482,495,219.03,211.01,8.02,0,0,24.3,227.27,215.88,11.4,213.45
2025-02-19,Wednesday,Lunch,"Dal, Rice, Roti, Mixed Veg",500,18,0.9,16,0.93,466,482,483,219.31,212.21,7.11,0,0,25.1,203.89,190.5,13.39,197.03
2025-02-19,Wednesday,Snacks,"Pakora, Tea",500,10,0.82,8,0.9,448,456,436,61.93,58.31,3.62,0,0,26.0,70.49,64.55,5.94,67.72
2025-02-20,Thursday,Breakfast,"Idli, Sambar, Chutney",500,4,0.92,4,0.9,449,453,428,109.1,99.61,9.49,0,0,27.2,123.52,116.93,6.59,115.24
2025-02-20,Thursday,Dinner,"Khichdi, Papad",500,27,0.91,25,0.91,456,481,482,227.27,215.88,11.4,0,0,22.5,200.73,187.47,13.25,187.08
2025-02-20,Thursday,Lunch,"Chole, Roti, Curd",500,24,0.83,20,0.98,489,509,482,203.89,190.5,13.39,0,0,23.4,221.25,213.62,7.63,210.05
2025-02-20,Thursday,Snacks,"Pakora, Tea",500,14,0.95,13,0.88,438,451,456,70.49,64.55,5.94,0,0,19.7,67.11,62.48,4.63,65.63
2025-02-21,Friday,Breakfast,"Idli, Sambar, Chutney",500,10,0.89,9,0.83,414,423,453,123.52,116.93,6.59,0,0,23.9,110.78,104.0,6.78,105.12
2025-02-21,Friday,Dinner,"Veg Biryani, Raita",500,28,0.94,26,0.9,450,476,481,200.73,187.47,13.25,0,0,29.8,215.73,205.16,10.56,207.72
2025-02-21,Friday,Lunch,"Dal, Rice, Roti, Mixed Veg",500,19,0.88,17,0.91,455,472,509,221.25,213.62,7.63,0,0,27.2,217.87,207.29,10.58,204.54
2025-02-21,Friday,Snacks,"Sandwich, Juice",500,18,0.89,16,0.89,446,462,451,67.11,62.48,4.63,0,0,22.3,69.31,65.34,3.97,66.75
2025-02-22,Saturday,Breakfast,"Bread Omelette, Milk",500,7,0.84,6,0.86,432,438,423,110.78,104.0,6.78,0,0,26.0,110.77,103.41,7.36,108.42
2025-02-22,Saturday,Dinner,"Paneer Curry, Roti, Rice",500,38,0.92,35,0.89,444,479,476,215.73,205.16,10.56,0,0,24.6,224.23,215.71,8.52,209.32
2025-02-22,Saturday,Lunch,"Sambar Rice, Papad",500,20,0.9,18,0.87,434,452,472,217.87,207.29,10.58,0,0,18.8,190.86,185.44,5.42,181.75
2025-02-22,Saturday,Snacks,"Pakora, Tea",500,6,0.91,5,0.84,422,427,462,69.31,65.34,3.97,0,0,20.6,65.62,59.8,5.82,63.45
2025-02-23,Sunday,Breakfast,"Idli, Sambar, Chutney",500,18,0.88,16,0.78,392,408,438,110.77,103.41,7.36,0,0,27.0,112.57,103.19,9.38,106.56
2025-02-23,Sunday,Dinner,"Veg Biryani, Raita",500,22,0.9,20,0.89,446,466,479,224.23,215.71,8.52,0,0,23.2,211.81,200.21,11.6,201.11
2025-02-23,Sunday,Lunch,"Rajma, Rice, Salad",500,22,0.91,20,0.89,445,465,452,190.86,185.44,5.42,0,0,28.7,213.48,199.57,13.91,204.44
2025-02-23,Sunday,Snacks,Fruit Chaat,500,24,0.87,21,0.86,432,453,427,65.62,59.8,5.82,0,0,20.1,57.62,54.19,3.43,56.36
2025-02-24,Monday,Breakfast,"Idli, Sambar, Chutney",500,11,0.97,11,0.81,406,417,408,112.57,103.19,9.38,0,0,20.8,114.62,107.54,7.08,107.41
2025-02-24,Monday,Dinner,"Veg Biryani, Raita",500,23,0.89,20,0.92,460,480,466,211.81,200.21,11.6,0,0,25.1,224.96,212.8,12.16,210.08
2025-02-24,Monday,Lunch,"Chole, Roti, Curd",500,26,0.88,23,0.9,451,474,465,213.48,199.57,13.91,0,0,27.7,208.94,200.01,8.93,199.74
2025-02-24,Monday,Snacks,"Pakora, Tea",500,17,0.9,15,0.88,440,455,453,57.62,54.19,3.43,0,0,27.1,71.33,67.6,3.73,66.43
2025-02-25,Tuesday,Breakfast,"Upma, Coffee",500,11,0.85,9,0.86,430,439,417,114.62,107.54,7.08,0,0,23.8,109.9,103.47,6.42,105.05
2025-02-25,Tuesday,Dinner,"Paneer Curry, Roti, Rice",500,14,0.91,13,0.91,456,469,480,224.96,212.8,12.16,0,0,27.4,223.58,214.19,9.39,208.92
2025-02-25,Tuesday,Lunch,"Rajma, Rice, Salad",500,5,0.97,5,0.91,456,461,474,208.94,200.01,8.93,0,0,28.7,206.52,196.63,9.9,192.91
2025-02-25,Tuesday,Snacks,Fruit Chaat,500,3,0.89,3,0.88,438,441,455,71.33,67.6,3.73,0,0,26.1,57.57,55.12,2.45,54.58
2025-02-26,Wednesday,Breakfast,"Upma, Coffee",500,10,0.86,9,0.74,369,378,439,109.9,103.47,6.42,1,0,22.9,96.64,83.29,13.35,91.17
2025-02-26,Wednesday,Dinner,"Paneer Curry, Roti, Rice",500,14,0.89,12,0.8,398,410,469,223.58,214.19,9.39,1,0,19.3,196.32,175.47,20.86,183.77
2025-02-26,Wednesday,Lunch,"Dal, Rice, Roti, Mixed Veg",500,16,0.98,16,0.81,405,421,461,206.52,196.63,9.9,1,0,26.8,194.97,172.74,22.23,188.99
2025-02-26,Wednesday,Snacks,"Pakora, Tea",500,8,0.88,7,0.8,402,409,441,57.57,55.12,2.45,1,0,26.8,61.86,54.61,7.25,60.21
2025-02-27,Thursday,Breakfast,"Idli, Sambar, Chutney",500,12,0.93,11,0.87,437,448,378,96.64,83.29,13.35,0,0,18.5,118.72,111.72,7.0,112.55
2025-02-27,Thursday,Dinner,"Khichdi, Papad",500,25,0.93,23,0.94,470,493,410,196.32,175.47,20.86,0,0,24.2,203.69,196.06,7.63,189.85
2025-02-27,Thursday,Lunch,"Chole, Roti, Curd",500,25,0.85,21,0.92,462,483,421,194.97,172.74,22.23,0,0,25.3,218.18,205.36,12.82,210.67
2025-02-27,Thursday,Snacks,"Pakora, Tea",500,14,0.94,13,0.89,444,457,409,61.86,54.61,7.25,0,0,25.5,73.92,68.99,4.93,69.79
2025-02-28,Friday,Breakfast,"Idli, Sambar, Chutney",500,7,0.93,6,0.89,446,452,448,118.72,111.72,7.0,0,0,29.4,123.93,117.17,6.76,116.27
2025-02-28,Friday,Dinner,"Veg Biryani, Raita",500,12,0.84,10,0.94,468,478,493,203.69,196.06,7.63,0,0,22.7,224.42,217.5,6.92,212.6
2025-02-28,Friday,Lunch,"Dal, Rice, Roti, Mixed Veg",500,21,0.89,19,0.93,464,483,483,218.18,205.36,12.82,0,0,22.5,214.74,201.88,12.86,209.14
2025-02-28,Friday,Snacks,"Sandwich, Juice",500,18,0.81,15,0.87,436,451,457,73.92,68.99,4.93,0,0,24.2,62.25,59.56,2.69,60.08
2025-03-01,Saturday,Breakfast,"Bread Omelette, Milk",500,14,0.87,12,0.82,412,424,452,123.93,117.17,6.76,0,0,21.8,115.27,108.81,6.46,110.29
2025-03-01,Saturday,Dinner,"Paneer Curry, Roti, Rice",500,19,0.91,17,0.88,438,455,478,224.42,217.5,6.92,0,0,27.4,216.84,207.33,9.5,202.97
2025-03-01,Saturday,Lunch,"Sambar Rice, Papad",500,25,0.88,22,0.86,431,453,483,214.74,201.88,12.86,0,0,22.5,195.83,181.9,13.93,187.27
2025-03-01,Saturday,Snacks,"Pakora, Tea",500,11,0.89,10,0.88,439,449,451,62.25,59.56,2.69,0,0,25.1,68.31,63.83,4.48,64.46
2025-03-02,Sunday,Breakfast,"Idli, Sambar, Chutney",500,19,0.86,16,0.82,410,426,424,115.27,108.81,6.46,0,0,26.7,120.05,112.55,7.5,111.81
2025-03-02,Sunday,Dinner,"Veg Biryani, Raita",500,22,0.96,21,0.85,424,445,455,216.84,207.33,9.5,0,0,22.0,203.82,194.01,9.82,193.33
2025-03-02,Sunday,Lunch,"Rajma, Rice, Salad",500,5,0.89,4,0.85,425,429,453,195.83,181.9,13.93,0,0,26.4,195.53,179.68,15.86,183.63
2025-03-02,Sunday,Snacks,Fruit Chaat,500,8,0.91,7,0.86,428,435,449,68.31,63.83,4.48,0,0,19.6,59.11,56.92,2.18,56.96
2025-03-03,Monday,Breakfast,"Idli, Sambar, Chutney",500,7,0.94,7,0.86,430,437,426,120.05,112.55,7.5,0,0,24.3,119.49,114.7,4.8,116.68
2025-03-03,Monday,Dinner,"Veg Biryani, Raita",500,14,0.93,13,0.92,460,473,445,203.82,194.01,9.82,0,0,24.0,227.61,212.22,15.4,220.35
2025-03-03,Monday,Lunch,"Chole, Roti, Curd",500,22,0.84,19,0.96,480,499,429,195.53,179.68,15.86,0,0,24.9,217.67,206.58,11.09,207.19
2025-03-03,Monday,Snacks,"Pakora, Tea",500,2,0.85,2,0.87,436,438,435,59.11,56.92,2.18,0,0,26.8,69.6,65.0,4.6,66.41
2025-03-04,Tuesday,Breakfast,"Upma, Coffee",500,16,0.85,14,0.87,434,448,437,119.49,114.7,4.8,0,0,25.7,117.06,108.98,8.08,110.14
2025-03-04,Tuesday,Dinner,"Paneer Curry, Roti, Rice",500,29,0.83,24,0.97,484,508,473,227.61,212.22,15.4,0,0,27.0,229.46,221.36,8.1,222.04
2025-03-04,Tuesday,Lunch,"Rajma, Rice, Salad",500,4,0.9,4,0.95,476,480,499,217.67,206.58,11.09,0,0,23.7,211.05,198.56,12.48,202.84
2025-03-04,Tuesday,Snacks,Fruit Chaat,500,10,0.86,9,0.9,448,457,438,69.6,65.0,4.6,0,0,28.3,57.79,54.22,3.56,55.2
2025-03-05,Wednesday,Breakfast,"Upma, Coffee",500,4,0.91,4,0.88,438,442,448,117.06,108.98,8.08,0,0,25.0,108.35,103.35,5.01,106.1
2025-03-05,Wednesday,Dinner,"Paneer Curry, Roti, Rice",500,31,0.92,29,0.94,471,500,508,229.46,221.36,8.1,0,0,23.5,235.06,230.83,4.23,222.91
2025-03-05,Wednesday,Lunch,"Dal, Rice, Roti, Mixed Veg",500,8,0.86,7,0.92,458,465,480,211.05,198.56,12.48,0,0,23.3,201.94,192.96,8.98,194.6
2025-03-05,Wednesday,Snacks,"Pakora, Tea",500,15,0.96,14,0.88,442,456,457,57.79,54.22,3.56,0,0,23.8,71.55,66.7,4.85,67.1
2025-03-06,Thursday,Breakfast,"Idli, Sambar, Chutney",500,15,0.81,12,0.87,433,445,442,108.35,103.35,5.01,0,0,29.7,117.22,109.09,8.13,112.08
2025-03-06,Thursday,Dinner,"Khichdi, Papad",500,19,0.94,18,0.92,460,478,500,235.06,230.83,4.23,0,0,25.2,192.25,183.28,8.96,183.01
2025-03-06,Thursday,Lunch,"Chole, Roti, Curd",500,28,0.8,22,0.93,466,488,465,201.94,192.96,8.98,0,0,28.4,204.13,190.24,13.89,199.93
2025-03-06,Thursday,Snacks,"Pakora, Tea",500,16,0.8,13,0.88,440,453,456,71.55,66.7,4.85,0,0,27.5,67.53,62.09,5.44,64.57
2025-03-07,Friday,Breakfast,"Idli, Sambar, Chutney",500,15,0.9,14,0.89,444,458,445,117.22,109.09,8.13,0,0,27.3,122.45,120.25,2.2,117.08
2025-03-07,Friday,Dinner,"Veg Biryani, Raita",500,16,0.88,14,0.92,462,476,478,192.25,183.28,8.96,0,0,25.6,228.95,215.99,12.96,220.84
2025-03-07,Friday,Lunch,"Dal, Rice, Roti, Mixed Veg",500,6,0.87,5,0.93,464,469,488,204.13,190.24,13.89,0,0,22.2,213.48,197.25,16.22,205.46
2025-03-07,Friday,Snacks,"Sandwich, Juice",500,20,0.91,18,0.9,451,469,453,67.53,62.09,5.44,0,0,21.3,67.63,65.87,1.76,63.55
2025-03-08,Saturday,Breakfast,"Bread Omelette, Milk",500,14,0.92,13,0.86,428,441,458,122.45,120.25,2.2,0,0,29.8,118.33,112.71,5.61,115.17
2025-03-08,Saturday,Dinner,"Paneer Curry, Roti, Rice",500,7,0.98,7,0.84,420,427,476,228.95,215.99,12.96,0,0,24.1,205.88,195.45,10.43,194.56
2025-03-08,Saturday,Lunch,"Sambar Rice, Papad",500,30,0.89,27,0.89,447,474,469,213.48,197.25,16.22,0,0,27.5,204.99,193.0,11.99,192.34
2025-03-08,Saturday,Snacks,"Pakora, Tea",500,24,0.98,23,0.84,420,443,469,67.63,65.87,1.76,0,0,22.4,68.93,64.44,4.5,64.48
2025-03-09,Sunday,Breakfast,"Idli, Sambar, Chutney",500,10,0.95,10,0.8,402,412,441,118.33,112.71,5.61,0,0,24.8,112.17,102.11,10.06,107.91
2025-03-09,Sunday,Dinner,"Veg Biryani, Raita",500,6,0.93,6,0.87,433,439,427,205.88,195.45,10.43,0,0,26.7,203.27,187.93,15.34,197.66
2025-03-09,Sunday,Lunch,"Rajma, Rice, Salad",500,30,0.95,28,0.85,426,454,474,204.99,193.0,11.99,0,0,23.0,210.24,197.92,12.32,201.07
2025-03-09,Sunday,Snacks,Fruit Chaat,500,14,0.86,12,0.85,423,435,443,68.93,64.44,4.5,0,0,25.1,59.52,55.43,4.08,56.65
2025-03-10,Monday,Breakfast,"Idli, Sambar, Chutney",500,11,0.9,10,0.91,456,466,412,112.17,102.11,10.06,0,0,28.8,128.11,122.13,5.99,119.83
2025-03-10,Monday,Dinner,"Veg Biryani, Raita",500,33,0.87,29,0.95,474,503,439,203.27,187.93,15.34,0,0,28.2,225.99,212.09,13.9,212.11
2025-03-10,Monday,Lunch,"Chole, Roti, Curd",500,21,0.94,20,0.92,462,482,454,210.24,197.92,12.32,0,0,28.0,201.9,193.56,8.34,194.18
2025-03-10,Monday,Snacks,"Pakora, Tea",500,16,0.94,15,0.89,444,459,435,59.52,55.43,4.08,0,0,29.4,74.03,69.04,5.0,70.92
2025-03-11,Tuesday,Breakfast,"Upma, Coffee",500,16,0.89,14,0.86,429,443,466,128.11,122.13,5.99,0,0,24.7,110.67,106.17,4.5,104.95
2025-03-11,Tuesday,Dinner,"Paneer Curry, Roti, Rice",500,24,0.88,21,0.91,455,476,503,225.99,212.09,13.9,0,0,25.9,214.2,204.6,9.6,209.75
2025-03-11,Tuesday,Lunch,"Rajma, Rice, Salad",500,14,0.94,13,0.94,472,485,482,201.9,193.56,8.34,0,0,29.6,221.9,210.95,10.95,217.48
2025-03-11,Tuesday,Snacks,Fruit Chaat,500,7,0.94,7,0.88,441,448,459,74.03,69.04,5.0,0,0,25.1,61.9,58.77,3.14,60.58
2025-03-12,Wednesday,Breakfast,"Upma, Coffee",500,9,0.88,8,0.9,449,457,443,110.67,106.17,4.5,0,0,26.1,113.87,109.13,4.75,110.27
2025-03-12,Wednesday,Dinner,"Paneer Curry, Roti, Rice",500,15,0.94,14,0.95,477,491,476,214.2,204.6,9.6,0,0,25.2,234.55,222.04,12.52,225.7
2025-03-12,Wednesday,Lunch,"Dal, Rice, Roti, Mixed Veg",500,5,0.87,4,0.94,468,472,485,221.9,210.95,10.95,0,0,24.5,219.97,205.18,14.79,207.41
2025-03-12,Wednesday,Snacks,"Pakora, Tea",500,3,0.9,3,0.92,462,465,448,61.9,58.77,3.14,0,0,26.6,72.98,67.63,5.35,69.48
2025-03-13,Thursday,Breakfast,"Idli, Sambar, Chutney",500,11,0.9,10,0.88,438,448,457,113.87,109.13,4.75,0,0,27.8,119.95,112.4,7.55,111.92
2025-03-13,Thursday,Dinner,"Khichdi, Papad",500,11,0.96,11,0.94,468,479,491,234.55,222.04,12.52,0,0,26.4,188.62,175.63,12.99,181.05
2025-03-13,Thursday,Lunch,"Chole, Roti, Curd",500,12,0.9,11,0.91,454,465,472,219.97,205.18,14.79,0,0,27.2,211.6,203.82,7.78,199.84
2025-03-13,Thursday,Snacks,"Pakora, Tea",500,5,0.9,4,0.89,447,451,465,72.98,67.63,5.35,0,0,25.7,70.14,65.89,4.25,67.92
2025-03-14,Friday,Breakfast,"Idli, Sambar, Chutney",500,2,0.92,2,0.82,412,414,448,119.95,112.4,7.55,0,0,27.5,110.73,103.72,7.01,108.05
2025-03-14,Friday,Dinner,"Veg Biryani, Raita",500,25,0.9,23,0.91,456,479,479,188.62,175.63,12.99,0,0,28.6,221.2,209.53,11.67,212.1
2025-03-14,Friday,Lunch,"Dal, Rice, Roti, Mixed Veg",500,27,0.87,23,0.98,490,513,465,211.6,203.82,7.78,0,0,26.0,226.65,220.23,6.43,215.76
2025-03-14,Friday,Snacks,"Sandwich, Juice",500,7,0.91,6,0.9,448,454,451,70.14,65.89,4.25,0,0,23.6,67.11,62.28,4.83,65.37
2025-03-15,Saturday,Breakfast,"Bread Omelette, Milk",500,8,0.9,7,0.85,426,433,414,110.73,103.72,7.01,0,0,23.4,119.11,112.1,7.0,112.3
2025-03-15,Saturday,Dinner,"Paneer Curry, Roti, Rice",500,18,0.85,15,0.9,448,463,479,221.2,209.53,11.67,0,0,19.8,208.45,200.58,7.87,203.01
2025-03-15,Saturday,Lunch,"Sambar Rice, Papad",500,11,0.88,10,0.88,439,449,513,226.65,220.23,6.43,0,0,25.1,189.84,181.69,8.16,181.74
2025-03-15,Saturday,Snacks,"Pakora, Tea",500,4,0.96,4,0.78,392,396,454,67.11,62.28,4.83,0,0,25.7,63.66,57.66,6.0,60.74
2025-03-16,Sunday,Breakfast,"Idli, Sambar, Chutney",500,6,0.92,5,0.86,428,433,433,119.11,112.1,7.0,0,0,26.7,121.17,114.93,6.24,113.42
2025-03-16,Sunday,Dinner,"Veg Biryani, Raita",500,34,0.92,31,0.88,440,471,463,208.45,200.58,7.87,0,0,22.3,221.22,211.06,10.15,209.68
2025-03-16,Sunday,Lunch,"Rajma, Rice, Salad",500,5,0.96,5,0.89,447,452,449,189.84,181.69,8.16,0,0,29.1,204.75,193.55,11.2,200.29
2025-03-16,Sunday,Snacks,Fruit Chaat,500,22,0.98,22,0.8,402,424,396,63.66,57.66,6.0,0,0,26.5,59.56,56.6,2.95,55.88
2025-03-17,Monday,Breakfast,"Idli, Sambar, Chutney",500,13,0.94,12,0.82,412,424,433,121.17,114.93,6.24,0,0,25.0,115.01,106.36,8.65,108.53
2025-03-17,Monday,Dinner,"Veg Biryani, Raita",500,24,0.96,23,0.91,453,476,471,221.22,211.06,10.15,0,0,26.5,218.39,208.77,9.62,204.43
2025-03-17,Monday,Lunch,"Chole, Roti, Curd",500,4,0.85,3,0.93,463,466,452,204.75,193.55,11.2,0,0,29.7,218.21,214.28,3.93,203.17
2025-03-17,Monday,Snacks,"Pakora, Tea",500,14,0.85,12,0.93,466,478,424,59.56,56.6,2.95,0,0,26.3,73.91,68.99,4.92,69.13
2025-03-18,Tuesday,Breakfast,"Upma, Coffee",500,4,0.87,3,0.86,432,435,424,115.01,106.36,8.65,0,0,26.6,103.77,97.7,6.07,100.47
2025-03-18,Tuesday,Dinner,"Paneer Curry, Roti, Rice",500,16,0.86,14,0.91,456,470,476,218.39,208.77,9.62,0,0,27.3,211.39,201.83,9.55,206.45
2025-03-18,Tuesday,Lunch,"Rajma, Rice, Salad",500,24,0.85,20,0.92,459,479,466,218.21,214.28,3.93,0,0,26.2,211.74,204.01,7.73,198.16
2025-03-18,Tuesday,Snacks,Fruit Chaat,500,19,0.98,19,0.89,445,464,478,73.91,68.99,4.92,0,0,29.7,61.81,58.77,3.04,58.68
2025-03-19,Wednesday,Breakfast,"Upma, Coffee",500,12,0.87,10,0.85,424,434,435,103.77,97.7,6.07,0,0,27.0,111.03,102.65,8.38,105.47
2025-03-19,Wednesday,Dinner,"Paneer Curry, Roti, Rice",500,26,0.93,24,0.91,455,479,470,211.39,201.83,9.55,0,0,29.4,226.11,217.7,8.41,217.29
2025-03-19,Wednesday,Lunch,"Dal, Rice, Roti, Mixed Veg",500,20,0.93,19,0.9,452,471,479,211.74,204.01,7.73,0,0,23.9,217.58,210.87,6.71,209.45
2025-03-19,Wednesday,Snacks,"Pakora, Tea",500,7,0.92,6,0.89,443,449,464,61.81,58.77,3.04,0,0,28.0,69.71,64.13,5.58,67.86
2025-03-20,Thursday,Breakfast,"Idli, Sambar, Chutney",500,2,0.9,2,0.87,436,438,434,111.03,102.65,8.38,0,0,27.4,118.86,110.94,7.93,113.67
2025-03-20,Thursday,Dinner,"Khichdi, Papad",500,29,0.91,26,0.95,474,500,479,226.11,217.7,8.41,0,0,22.3,199.32,187.15,12.17,189.82
2025-03-20,Thursday,Lunch,"Chole, Roti, Curd",500,14,0.9,13,0.91,454,467,471,217.58,210.87,6.71,0,0,22.2,198.27,187.87,10.4,186.43
2025-03-20,Thursday,Snacks,"Pakora, Tea",500,13,0.85,11,0.86,428,439,449,69.71,64.13,5.58,0,0,26.2,68.67,62.99,5.67,64.46
2025-03-21,Friday,Breakfast,"Idli, Sambar, Chutney",500,14,0.86,12,0.87,435,447,438,118.86,110.94,7.93,0,0,25.4,123.32,117.64,5.67,115.14
2025-03-21,Friday,Dinner,"Veg Biryani, Raita",500,13,0.9,12,0.9,450,462,500,199.32,187.15,12.17,0,0,30.4,208.75,199.3,9.45,195.01
2025-03-21,Friday,Lunch,"Dal, Rice, Roti, Mixed Veg",500,27,0.86,23,0.96,482,505,467,198.27,187.87,10.4,0,0,26.8,228.93,217.45,11.48,215.03
2025-03-21,Friday,Snacks,"Sandwich, Juice",500,2,0.91,2,0.87,433,435,439,68.67,62.99,5.67,0,0,27.8,64.13,60.09,4.04,61.19
2025-03-22,Saturday,Breakfast,"Bread Omelette, Milk",500,17,0.85,14,0.83,414,428,447,123.32,117.64,5.67,0,0,30.4,125.7,114.48,11.22,118.01
2025-03-22,Saturday,Dinner,"Paneer Curry, Roti, Rice",500,10,0.91,9,0.87,437,446,462,208.75,199.3,9.45,0,0,26.8,203.51,195.84,7.67,198.53
2025-03-22,Saturday,Lunch,"Sambar Rice, Papad",500,31,0.94,29,0.85,427,456,505,228.93,217.45,11.48,0,0,23.4,195.97,186.88,9.09,191.19
2025-03-22,Saturday,Snacks,"Pakora, Tea",500,10,0.91,9,0.85,426,435,435,64.13,60.09,4.04,0,0,22.3,66.33,61.5,4.83,63.98
2025-03-23,Sunday,Breakfast,"Idli, Sambar, Chutney",500,7,0.96,7,0.82,410,417,428,125.7,114.48,11.22,0,0,28.7,108.33,100.15,8.18,105.41
2025-03-23,Sunday,Dinner,"Veg Biryani, Raita",500,30,0.94,28,0.86,430,458,446,203.51,195.84,7.67,0,0,30.2,207.67,195.83,11.84,194.29
2025-03-23,Sunday,Lunch,"Rajma, Rice, Salad",500,20,0.92,18,0.9,449,467,456,195.97,186.88,9.09,0,0,27.7,215.09,207.91,7.18,202.24
2025-03-23,Sunday,Snacks,Fruit Chaat,500,12,0.91,11,0.83,417,428,435,66.33,61.5,4.83,0,0,23.1,55.13,51.09,4.03,54.0
2025-03-24,Monday,Breakfast,"Idli, Sambar, Chutney",500,5,0.95,5,0.9,452,457,417,108.33,100.15,8.18,0,0,25.5,123.1,114.33,8.77,120.05
2025-03-24,Monday,Dinner,"Veg Biryani, Raita",500,22,0.91,20,0.93,466,486,458,207.67,195.83,11.84,0,0,25.9,226.88,214.95,11.93,216.34
2025-03-24,Monday,Lunch,"Chole, Roti, Curd",500,28,0.86,24,0.92,462,486,467,215.09,207.91,7.18,0,0,27.6,220.7,205.13,15.57,208.21
2025-03-24,Monday,Snacks,"Pakora, Tea",500,15,0.94,14,0.88,440,454,428,55.13,51.09,4.03,0,0,29.0,71.27,65.86,5.41,66.63
2025-03-25,Tuesday,Breakfast,"Upma, Coffee",500,5,0.93,5,0.88,438,443,457,123.1,114.33,8.77,0,0,24.4,110.18,103.86,6.31,104.91
2025-03-25,Tuesday,Dinner,"Paneer Curry, Roti, Rice",500,8,0.96,8,0.94,468,476,486,226.88,214.95,11.93,0,0,31.0,223.25,208.82,14.43,211.91
2025-03-25,Tuesday,Lunch,"Rajma, Rice, Salad",500,11,0.93,10,0.89,446,456,486,220.7,205.13,15.57,0,0,26.2,198.66,186.75,11.91,185.31
2025-03-25,Tuesday,Snacks,Fruit Chaat,500,20,0.85,17,0.87,437,454,454,71.27,65.86,5.41,0,0,26.5,61.36,57.93,3.43,58.55
2025-03-26,Wednesday,Breakfast,"Upma, Coffee",500,11,0.87,10,0.85,424,434,443,110.18,103.86,6.31,0,0,24.8,108.3,99.47,8.82,104.96
2025-03-26,Wednesday,Dinner,"Paneer Curry, Roti, Rice",500,19,0.91,17,0.9,452,469,476,223.25,208.82,14.43,0,0,27.9,228.33,219.81,8.52,217.05
2025-03-26,Wednesday,Lunch,"Dal, Rice, Roti, Mixed Veg",500,25,0.91,23,0.91,456,479,456,198.66,186.75,11.91,0,0,23.8,217.82,213.9,3.92,204.11
2025-03-26,Wednesday,Snacks,"Pakora, Tea",500,6,0.94,6,0.87,436,442,454,61.36,57.93,3.43,0,0,25.6,66.7,60.22,6.49,65.01
2025-03-27,Thursday,Breakfast,"Idli, Sambar, Chutney",500,12,0.93,11,0.82,411,422,434,108.3,99.47,8.82,0,0,29.3,112.71,105.64,7.07,108.52
2025-03-27,Thursday,Dinner,"Khichdi, Papad",500,15,0.9,13,0.94,470,483,469,228.33,219.81,8.52,0,0,26.5,200.54,190.9,9.64,187.89
2025-03-27,Thursday,Lunch,"Chole, Roti, Curd",500,16,0.88,14,0.92,458,472,479,217.82,213.9,3.92,0,0,33.2,200.45,191.64,8.81,193.7
2025-03-27,Thursday,Snacks,"Pakora, Tea",500,18,0.93,17,0.89,444,461,442,66.7,60.22,6.49,0,0,30.6,69.44,65.33,4.11,67.48
2025-03-28,Friday,Breakfast,"Idli, Sambar, Chutney",500,6,0.97,6,0.9,451,457,422,112.71,105.64,7.07,0,0,30.7,125.86,121.42,4.44,123.26
2025-03-28,Friday,Dinner,"Veg Biryani, Raita",500,17,0.84,14,0.91,455,469,483,200.54,190.9,9.64,0,0,26.3,215.28,210.11,5.18,205.54
2025-03-28,Friday,Lunch,"Dal, Rice, Roti, Mixed Veg",500,28,0.89,25,0.93,464,489,472,200.45,191.64,8.81,0,0,28.8,228.96,216.48,12.48,215.12
2025-03-28,Friday,Snacks,"Sandwich, Juice",500,15,0.94,14,0.87,437,451,461,69.44,65.33,4.11,0,0,29.4,61.43,58.76,2.67,58.88
2025-03-29,Saturday,Breakfast,"Bread Omelette, Milk",500,10,0.84,8,0.84,422,430,457,125.86,121.42,4.44,0,0,29.4,115.8,109.39,6.41,110.68
2025-03-29,Saturday,Dinner,"Paneer Curry, Roti, Rice",500,28,0.87,24,0.87,435,459,469,215.28,210.11,5.18,0,0,27.7,214.34,198.49,15.85,200.09
2025-03-29,Saturday,Lunch,"Sambar Rice, Papad",500,26,0.84,22,0.91,454,476,489,228.96,216.48,12.48,0,0,33.6,192.75,182.54,10.21,185.92
2025-03-29,Saturday,Snacks,"Pakora, Tea",500,12,0.87,10,0.84,420,430,451,61.43,58.76,2.67,0,0,30.0,67.24,60.13,7.11,63.72
2025-03-30,Sunday,Breakfast,"Idli, Sambar, Chutney",500,7,0.78,5,0.83,415,420,430,115.8,109.39,6.41,0,0,25.7,122.41,112.77,9.64,114.58
2025-03-30,Sunday,Dinner,"Veg Biryani, Raita",500,18,0.89,16,0.88,440,456,459,214.34,198.49,15.85,0,0,35.3,213.5,202.29,11.22,201.26
2025-03-30,Sunday,Lunch,"Rajma, Rice, Salad",500,11,0.82,9,0.88,438,447,476,192.75,182.54,10.21,0,0,23.9,206.58,193.82,12.75,195.07
2025-03-30,Sunday,Snacks,Fruit Chaat,500,6,0.94,6,0.85,426,432,430,67.24,60.13,7.11,0,0,31.1,59.46,55.53,3.94,56.46
2025-03-31,Monday,Breakfast,"Idli, Sambar, Chutney",500,8,0.9,7,0.89,446,453,420,122.41,112.77,9.64,0,0,28.5,120.74,115.74,5.0,115.26
2025-03-31,Monday,Dinner,"Veg Biryani, Raita",500,29,0.91,27,0.93,466,493,456,213.5,202.29,11.22,0,0,33.0,238.55,227.3,11.25,223.98
2025-03-31,Monday,Lunch,"Chole, Roti, Curd",500,7,0.84,6,0.95,474,480,447,206.58,193.82,12.75,0,0,26.8,200.9,190.12,10.78,190.0
2025-03-31,Monday,Snacks,"Pakora, Tea",500,15,0.87,13,0.93,466,479,432,59.46,55.53,3.94,0,0,28.3,70.49,66.37,4.12,69.05
2025-04-01,Tuesday,Breakfast,"Upma, Coffee",500,14,0.85,12,0.87,433,445,453,120.74,115.74,5.0,0,0,25.9,108.05,103.07,4.99,100.96
2025-04-01,Tuesday,Dinner,"Paneer Curry, Roti, Rice",500,16,0.87,14,0.9,450,464,493,238.55,227.3,11.25,0,0,29.9,210.07,200.01,10.06,203.48
2025-04-01,Tuesday,Lunch,"Rajma, Rice, Salad",500,5,0.95,5,0.9,451,456,480,200.9,190.12,10.78,0,0,28.2,211.45,206.28,5.16,198.73
2025-04-01,Tuesday,Snacks,Fruit Chaat,500,12,0.93,11,0.92,460,471,479,70.49,66.37,4.12,0,0,33.9,61.73,59.63,2.1,59.35
2025-04-02,Wednesday,Breakfast,"Upma, Coffee",500,17,0.95,16,0.82,408,424,445,108.05,103.07,4.99,0,1,32.3,108.26,100.02,8.25,101.58
2025-04-02,Wednesday,Dinner,"Paneer Curry, Roti, Rice",500,20,0.82,16,0.92,460,476,464,210.07,200.01,10.06,0,1,32.1,226.76,218.37,8.39,211.86
2025-04-02,Wednesday,Lunch,"Dal, Rice, Roti, Mixed Veg",500,28,0.85,24,0.95,476,500,456,211.45,206.28,5.16,0,1,26.9,236.12,220.34,15.79,224.02
2025-04-02,Wednesday,Snacks,"Pakora, Tea",500,11,0.9,10,0.9,448,458,471,61.73,59.63,2.1,0,1,30.9,71.01,66.62,4.39,67.92
2025-04-03,Thursday,Breakfast,"Idli, Sambar, Chutney",500,11,0.85,9,0.86,429,438,424,108.26,100.02,8.25,0,1,29.1,112.92,105.38,7.55,108.96
2025-04-03,Thursday,Dinner,"Khichdi, Papad",500,8,0.98,8,0.86,428,436,476,226.76,218.37,8.39,0,1,30.5,186.4,171.71,14.69,174.25
2025-04-03,Thursday,Lunch,"Chole, Roti, Curd",500,10,0.83,8,0.93,464,472,500,236.12,220.34,15.79,0,1,28.8,204.42,195.61,8.81,199.2
2025-04-03,Thursday,Snacks,"Pakora, Tea",500,18,0.93,17,0.88,440,457,458,71.01,66.62,4.39,0,1,28.1,72.83,67.33,5.5,67.91
2025-04-04,Friday,Breakfast,"Idli, Sambar, Chutney",500,10,0.86,9,0.84,419,428,438,112.92,105.38,7.55,0,0,26.7,116.67,109.95,6.71,109.84
2025-04-04,Friday,Dinner,"Veg Biryani, Raita",500,31,0.93,29,0.96,480,509,436,186.4,171.71,14.69,0,0,25.0,233.02,219.58,13.45,224.71
2025-04-04,Friday,Lunch,"Dal, Rice, Roti, Mixed Veg",500,4,0.84,3,0.93,467,470,472,204.42,195.61,8.81,0,0,27.6,202.51,197.78,4.73,197.78
2025-04-04,Friday,Snacks,"Sandwich, Juice",500,8,0.87,7,0.93,463,470,457,72.83,67.33,5.5,0,0,31.7,70.98,67.41,3.57,66.67
2025-04-05,Saturday,Breakfast,"Bread Omelette, Milk",500,5,0.87,4,0.83,416,420,428,116.67,109.95,6.71,0,0,30.7,114.28,106.58,7.7,111.07
2025-04-05,Saturday,Dinner,"Paneer Curry, Roti, Rice",500,11,0.96,11,0.89,444,455,509,233.02,219.58,13.45,0,0,29.1,211.25,198.16,13.09,198.13
2025-04-05,Saturday,Lunch,"Sambar Rice, Papad",500,24,0.87,21,0.89,444,465,470,202.51,197.78,4.73,0,0,28.7,188.9,179.52,9.38,181.28
2025-04-05,Saturday,Snacks,"Pakora, Tea",500,23,0.88,20,0.88,440,460,470,70.98,67.41,3.57,0,0,30.1,69.23,65.25,3.98,67.83
2025-04-06,Sunday,Breakfast,"Idli, Sambar, Chutney",500,5,0.9,4,0.78,390,394,420,114.28,106.58,7.7,0,1,29.4,108.01,97.58,10.43,100.8
2025-04-06,Sunday,Dinner,"Veg Biryani, Raita",500,30,0.98,29,0.83,416,445,455,211.25,198.16,13.09,0,1,28.9,213.53,196.03,17.5,202.05
2025-04-06,Sunday,Lunch,"Rajma, Rice, Salad",500,30,0.93,28,0.83,414,442,465,188.9,179.52,9.38,0,1,27.8,193.85,180.21,13.64,185.98
2025-04-06,Sunday,Snacks,Fruit Chaat,500,2,0.94,2,0.78,391,393,460,69.23,65.25,3.98,0,1,31.7,49.39,44.81,4.59,47.8
2025-04-07,Monday,Breakfast,"Idli, Sambar, Chutney",500,14,0.89,12,0.83,413,425,394,108.01,97.58,10.43,0,1,29.7,114.97,104.73,10.24,110.64
2025-04-07,Monday,Dinner,"Veg Biryani, Raita",500,12,0.86,10,0.91,454,464,445,213.53,196.03,17.5,0,1,27.6,214.33,202.44,11.89,207.06
2025-04-07,Monday,Lunch,"Chole, Roti, Curd",500,25,0.93,23,0.91,454,477,442,193.85,180.21,13.64,0,1,28.8,205.64,192.22,13.42,201.38
2025-04-07,Monday,Snacks,"Pakora, Tea",500,5,0.84,4,0.86,430,434,393,49.39,44.81,4.59,0,1,26.5,69.72,64.57,5.15,66.13
2025-04-08,Tuesday,Breakfast,"Upma, Coffee",500,12,0.88,11,0.88,442,453,425,114.97,104.73,10.24,0,0,33.2,115.51,111.56,3.95,111.69
2025-04-08,Tuesday,Dinner,"Paneer Curry, Roti, Rice",500,34,0.98,33,0.95,474,507,464,214.33,202.44,11.89,0,0,29.1,230.05,218.51,11.54,224.07
2025-04-08,Tuesday,Lunch,"Rajma, Rice, Salad",500,24,0.8,19,0.95,473,492,477,205.64,192.22,13.42,0,0,27.2,234.8,223.17,11.63,220.77
2025-04-08,Tuesday,Snacks,Fruit Chaat,500,14,0.88,12,0.9,452,464,434,69.72,64.57,5.15,0,0,27.2,62.3,60.31,1.99,59.9
2025-04-09,Wednesday,Breakfast,"Upma, Coffee",500,7,0.93,7,0.89,444,451,453,115.51,111.56,3.95,0,0,31.4,121.07,112.95,8.12,115.36
2025-04-09,Wednesday,Dinner,"Paneer Curry, Roti, Rice",500,9,0.9,8,0.94,470,478,507,230.05,218.51,11.54,0,0,33.9,224.85,219.4,5.45,214.08
2025-04-09,Wednesday,Lunch,"Dal, Rice, Roti, Mixed Veg",500,27,0.91,24,0.97,486,510,492,234.8,223.17,11.63,0,0,31.8,226.24,216.77,9.47,221.31
2025-04-09,Wednesday,Snacks,"Pakora, Tea",500,9,0.91,8,0.88,438,446,464,62.3,60.31,1.99,0,0,34.1,68.17,63.49,4.68,64.71
2025-04-10,Thursday,Breakfast,"Idli, Sambar, Chutney",500,11,0.85,9,0.86,428,437,451,121.07,112.95,8.12,0,0,27.2,117.09,109.48,7.61,112.41
2025-04-10,Thursday,Dinner,"Khichdi, Papad",500,17,0.98,17,0.94,468,485,478,224.85,219.4,5.45,0,0,29.5,198.75,186.87,11.88,192.1
2025-04-10,Thursday,Lunch,"Chole, Roti, Curd",500,22,0.9,20,0.96,480,500,510,226.24,216.77,9.47,0,0,28.0,235.91,223.73,12.18,221.6
2025-04-10,Thursday,Snacks,"Pakora, Tea",500,12,0.9,11,0.87,437,448,446,68.17,63.49,4.68,0,0,27.8,71.94,66.71,5.23,67.12
2025-04-11,Friday,Breakfast,"Idli, Sambar, Chutney",500,5,0.86,4,0.85,426,430,437,117.09,109.48,7.61,0,0,28.9,114.3,107.54,6.76,110.81
2025-04-11,Friday,Dinner,"Veg Biryani, Raita",500,25,0.87,22,0.91,454,476,485,198.75,186.87,11.88,0,0,27.0,212.6,202.77,9.82,198.54
2025-04-11,Friday,Lunch,"Dal, Rice, Roti, Mixed Veg",500,11,0.92,10,0.88,440,450,500,235.91,223.73,12.18,0,0,24.1,217.89,209.81,8.09,204.45
2025-04-11,Friday,Snacks,"Sandwich, Juice",500,2,0.94,2,0.91,456,458,448,71.94,66.71,5.23,0,0,29.1,67.57,65.13,2.44,63.09
2025-04-12,Saturday,Breakfast,"Bread Omelette, Milk",500,16,0.86,14,0.79,394,408,430,114.3,107.54,6.76,0,0,33.2,120.48,111.83,8.65,113.86
2025-04-12,Saturday,Dinner,"Paneer Curry, Roti, Rice",500,12,0.94,11,0.83,413,424,476,212.6,202.77,9.82,0,0,28.7,201.37,191.67,9.7,187.5
2025-04-12,Saturday,Lunch,"Sambar Rice, Papad",500,29,0.87,25,0.9,448,473,450,217.89,209.81,8.09,0,0,28.3,193.36,184.3,9.05,182.67
2025-04-12,Saturday,Snacks,"Pakora, Tea",500,8,0.9,7,0.84,420,427,458,67.57,65.13,2.44,0,0,25.9,67.03,61.69,5.34,63.67
2025-04-13,Sunday,Breakfast,"Idli, Sambar, Chutney",500,20,0.92,18,0.82,412,430,408,120.48,111.83,8.65,0,0,31.8,118.38,112.94,5.44,111.79
2025-04-13,Sunday,Dinner,"Veg Biryani, Raita",500,26,0.94,24,0.83,416,440,424,201.37,191.67,9.7,0,0,31.4,203.23,183.65,19.57,191.73
2025-04-13,Sunday,Lunch,"Rajma, Rice, Salad",500,5,0.93,5,0.91,454,459,473,193.36,184.3,9.05,0,0,30.2,212.6,197.94,14.66,202.41
2025-04-13,Sunday,Snacks,Fruit Chaat,500,4,0.96,4,0.84,422,426,427,67.03,61.69,5.34,0,0,34.0,55.24,52.13,3.11,53.58
2025-04-14,Monday,Breakfast,"Idli, Sambar, Chutney",500,15,0.92,14,0.86,432,446,430,118.38,112.94,5.44,0,0,32.3,123.71,115.68,8.04,116.35
2025-04-14,Monday,Dinner,"Veg Biryani, Raita",500,22,0.89,20,0.92,462,482,440,203.23,183.65,19.57,0,0,34.0,227.62,210.75,16.87,218.62
2025-04-14,Monday,Lunch,"Chole, Roti, Curd",500,28,0.97,27,0.95,476,503,459,212.6,197.94,14.66,0,0,28.1,222.97,208.52,14.45,213.72
2025-04-14,Monday,Snacks,"Pakora, Tea",500,17,0.84,14,0.91,456,470,426,55.24,52.13,3.11,0,0,30.9,74.01,70.37,3.65,69.84
2025-04-15,Tuesday,Breakfast,"Upma, Coffee",500,11,0.98,11,0.85,426,437,446,123.71,115.68,8.04,0,0,24.4,109.77,102.66,7.11,103.15
2025-04-15,Tuesday,Dinner,"Paneer Curry, Roti, Rice",500,28,0.92,26,0.9,450,476,482,227.62,210.75,16.87,0,0,31.6,229.17,221.88,7.29,217.8
2025-04-15,Tuesday,Lunch,"Rajma, Rice, Salad",500,4,0.87,3,0.96,478,481,503,222.97,208.52,14.45,0,0,31.9,208.78,202.15,6.64,204.06
2025-04-15,Tuesday,Snacks,Fruit Chaat,500,11,0.88,10,0.86,431,441,470,74.01,70.37,3.65,0,0,27.2,61.49,58.64,2.85,59.03
2025-04-16,Wednesday,Breakfast,"Upma, Coffee",500,3,0.86,3,0.87,436,439,437,109.77,102.66,7.11,0,0,30.9,109.08,103.14,5.94,105.75
2025-04-16,Wednesday,Dinner,"Paneer Curry, Roti, Rice",500,16,0.93,15,0.93,464,479,476,229.17,221.88,7.29,0,0,24.5,228.03,222.55,5.49,217.4
2025-04-16,Wednesday,Lunch,"Dal, Rice, Roti, Mixed Veg",500,27,0.87,23,0.96,478,501,481,208.78,202.15,6.64,0,0,32.3,236.23,226.95,9.28,223.66
2025-04-16,Wednesday,Snacks,"Pakora, Tea",500,19,0.9,17,0.88,441,458,441,61.49,58.64,2.85,0,0,31.0,69.42,65.37,4.05,67.06
2025-04-17,Thursday,Breakfast,"Idli, Sambar, Chutney",500,15,0.98,15,0.85,423,438,439,109.08,103.14,5.94,0,0,29.7,122.26,115.16,7.1,116.17
2025-04-17,Thursday,Dinner,"Khichdi, Papad",500,35,0.87,30,0.9,452,482,479,228.03,222.55,5.49,0,0,33.0,198.78,193.46,5.32,190.42
2025-04-17,Thursday,Lunch,"Chole, Roti, Curd",500,17,0.94,16,0.95,476,492,501,236.23,226.95,9.28,0,0,33.8,210.77,198.37,12.4,203.11
2025-04-17,Thursday,Snacks,"Pakora, Tea",500,8,0.92,7,0.89,447,454,458,69.42,65.37,4.05,0,0,31.3,68.29,64.42,3.88,66.72
2025-04-18,Friday,Breakfast,"Idli, Sambar, Chutney",500,13,0.86,11,0.84,419,430,438,122.26,115.16,7.1,0,1,29.9,117.15,107.11,10.04,111.11
2025-04-18,Friday,Dinner,"Veg Biryani, Raita",500,7,0.79,6,0.93,465,471,482,198.78,193.46,5.32,0,1,29.9,212.18,197.85,14.34,198.77
2025-04-18,Friday,Lunch,"Dal, Rice, Roti, Mixed Veg",500,7,0.83,6,0.88,438,444,492,210.77,198.37,12.4,0,1,30.8,203.75,189.61,14.15,195.88
2025-04-18,Friday,Snacks,"Sandwich, Juice",500,11,0.89,10,0.87,437,447,454,68.29,64.42,3.88,0,1,34.7,64.61,58.87,5.74,63.06
2025-04-19,Saturday,Breakfast,"Bread Omelette, Milk",500,8,0.89,7,0.86,431,438,430,117.15,107.11,10.04,0,0,31.8,126.31,122.21,4.1,123.28
2025-04-19,Saturday,Dinner,"Paneer Curry, Roti, Rice",500,30,0.87,26,0.83,415,441,471,212.18,197.85,14.34,0,0,29.5,196.15,186.46,9.69,191.88
2025-04-19,Saturday,Lunch,"Sambar Rice, Papad",500,30,0.91,27,0.85,424,451,444,203.75,189.61,14.15,0,0,30.9,203.21,188.42,14.78,190.18
2025-04-19,Saturday,Snacks,"Pakora, Tea",500,12,0.91,11,0.84,421,432,447,64.61,58.87,5.74,0,0,24.8,68.39,62.59,5.81,66.89
2025-04-20,Sunday,Breakfast,"Idli, Sambar, Chutney",500,5,0.84,4,0.87,436,440,438,126.31,122.21,4.1,0,0,26.3,116.47,108.42,8.05,113.13
2025-04-20,Sunday,Dinner,"Veg Biryani, Raita",500,25,0.98,24,0.88,440,464,441,196.15,186.46,9.69,0,0,31.2,213.2,199.93,13.28,200.07
2025-04-20,Sunday,Lunch,"Rajma, Rice, Salad",500,31,0.88,27,0.87,437,464,451,203.21,188.42,14.78,0,0,26.5,194.65,184.77,9.89,189.49
2025-04-20,Sunday,Snacks,Fruit Chaat,500,2,0.9,2,0.83,416,418,432,68.39,62.59,5.81,0,0,31.9,57.59,53.97,3.62,53.58
2025-04-21,Monday,Breakfast,"Idli, Sambar, Chutney",500,12,0.98,12,0.85,425,437,440,116.47,108.42,8.05,0,0,24.2,123.62,116.25,7.38,115.82
2025-04-21,Monday,Dinner,"Veg Biryani, Raita",500,30,0.92,28,0.91,456,484,464,213.2,199.93,13.28,0,0,29.4,221.63,214.2,7.43,206.31
2025-04-21,Monday,Lunch,"Chole, Roti, Curd",500,9,0.91,8,0.9,452,460,464,194.65,184.77,9.89,0,0,33.1,195.47,187.88,7.59,188.5
2025-04-21,Monday,Snacks,"Pakora, Tea",500,7,0.9,6,0.87,434,440,418,57.59,53.97,3.62,0,0,26.4,66.37,61.49,4.88,63.95
2025-04-22,Tuesday,Breakfast,"Upma, Coffee",500,16,0.87,14,0.85,424,438,437,123.62,116.25,7.38,0,0,28.7,111.64,105.05,6.59,109.37
2025-04-22,Tuesday,Dinner,"Paneer Curry, Roti, Rice",500,12,0.87,10,0.98,488,498,484,221.63,214.2,7.43,0,0,32.5,244.02,235.93,8.09,231.06
2025-04-22,Tuesday,Lunch,"Rajma, Rice, Salad",500,12,0.93,11,0.93,466,477,460,195.47,187.88,7.59,0,0,32.3,219.86,210.51,9.35,205.84
2025-04-22,Tuesday,Snacks,Fruit Chaat,500,17,0.88,15,0.88,440,455,440,66.37,61.49,4.88,0,0,26.8,58.99,55.99,3.01,56.17
2025-04-23,Wednesday,Breakfast,"Upma, Coffee",500,3,0.84,3,0.84,420,423,438,111.64,105.05,6.59,0,0,30.1,100.34,92.86,7.49,94.77
2025-04-23,Wednesday,Dinner,"Paneer Curry, Roti, Rice",500,8,0.92,7,0.92,458,465,498,244.02,235.93,8.09,0,0,27.0,214.16,205.69,8.48,202.32
2025-04-23,Wednesday,Lunch,"Dal, Rice, Roti, Mixed Veg",500,12,0.9,11,0.91,454,465,477,219.86,210.51,9.35,0,0,33.1,206.46,195.8,10.66,201.15
2025-04-23,Wednesday,Snacks,"Pakora, Tea",500,6,0.87,5,0.89,445,450,455,58.99,55.99,3.01,0,0,31.7,70.11,66.43,3.68,65.78
2025-04-24,Thursday,Breakfast,"Idli, Sambar, Chutney",500,2,0.98,2,0.89,444,446,423,100.34,92.86,7.49,0,0,26.2,124.61,114.79,9.81,120.48
2025-04-24,Thursday,Dinner,"Khichdi, Papad",500,25,0.87,22,0.9,450,472,465,214.16,205.69,8.48,0,0,30.7,195.84,184.5,11.33,188.85
2025-04-24,Thursday,Lunch,"Chole, Roti, Curd",500,19,0.94,18,0.94,470,488,465,206.46,195.8,10.66,0,0,29.4,210.6,200.83,9.77,202.49
2025-04-24,Thursday,Snacks,"Pakora, Tea",500,16,0.87,14,0.88,442,456,450,70.11,66.43,3.68,0,0,32.2,70.59,65.19,5.4,66.64
2025-04-25,Friday,Breakfast,"Idli, Sambar, Chutney",500,12,0.95,11,0.87,434,445,446,124.61,114.79,9.81,0,0,28.4,118.04,111.18,6.86,113.38
2025-04-25,Friday,Dinner,"Veg Biryani, Raita",500,28,0.9,25,0.89,444,469,472,195.84,184.5,11.33,0,0,30.3,195.66,179.88,15.77,191.57
2025-04-25,Friday,Lunch,"Dal, Rice, Roti, Mixed Veg",500,7,0.9,6,0.93,467,473,488,210.6,200.83,9.77,0,0,32.0,213.68,207.79,5.88,209.29
2025-04-25,Friday,Snacks,"Sandwich, Juice",500,7,0.87,6,0.9,452,458,456,70.59,65.19,5.4,0,0,27.7,64.71,61.39,3.33,61.73
2025-04-26,Saturday,Breakfast,"Bread Omelette, Milk",500,22,0.92,20,0.8,400,420,445,118.04,111.18,6.86,0,0,29.7,125.38,117.28,8.1,119.32
2025-04-26,Saturday,Dinner,"Paneer Curry, Roti, Rice",500,32,0.81,26,0.88,438,464,469,195.66,179.88,15.77,0,0,31.9,210.92,195.42,15.5,206.11
2025-04-26,Saturday,Lunch,"Sambar Rice, Papad",500,25,0.84,21,0.92,462,483,473,213.68,207.79,5.88,0,0,31.2,212.11,205.6,6.52,198.63
2025-04-26,Saturday,Snacks,"Pakora, Tea",500,6,0.93,6,0.88,438,444,458,64.71,61.39,3.33,0,0,32.4,68.53,64.11,4.43,66.11
2025-04-27,Sunday,Breakfast,"Idli, Sambar, Chutney",500,13,0.92,12,0.85,426,438,420,125.38,117.28,8.1,0,0,29.8,117.92,111.85,6.07,115.47
2025-04-27,Sunday,Dinner,"Veg Biryani, Raita",500,24,0.87,21,0.89,446,467,464,210.92,195.42,15.5,0,0,37.2,213.83,202.53,11.3,200.79
2025-04-27,Sunday,Lunch,"Rajma, Rice, Salad",500,10,0.97,10,0.92,462,472,483,212.11,205.6,6.52,0,0,29.6,217.88,208.9,8.98,207.19
2025-04-27,Sunday,Snacks,Fruit Chaat,500,20,0.91,18,0.87,433,451,444,68.53,64.11,4.43,0,0,31.1,61.17,57.67,3.5,57.57
2025-04-28,Monday,Breakfast,"Idli, Sambar, Chutney",500,11,0.89,10,0.85,424,434,438,117.92,111.85,6.07,0,0,34.4,122.39,115.1,7.29,116.17
2025-04-28,Monday,Dinner,"Veg Biryani, Raita",500,6,0.86,5,0.98,488,493,467,213.83,202.53,11.3,0,0,31.9,226.92,210.0,16.92,217.61
2025-04-28,Monday,Lunch,"Chole, Roti, Curd",500,22,0.86,19,0.91,456,475,472,217.88,208.9,8.98,0,0,29.1,199.78,188.24,11.54,193.24
2025-04-28,Monday,Snacks,"Pakora, Tea",500,10,0.91,9,0.88,442,451,451,61.17,57.67,3.5,0,0,27.1,69.56,63.87,5.7,67.18
2025-04-29,Tuesday,Breakfast,"Upma, Coffee",500,10,0.95,10,0.91,454,464,434,122.39,115.1,7.29,0,0,28.0,115.9,112.95,2.96,108.94
2025-04-29,Tuesday,Dinner,"Paneer Curry, Roti, Rice",500,19,0.78,15,0.93,466,481,493,226.92,210.0,16.92,0,0,29.8,215.99,205.79,10.2,211.18
2025-04-29,Tuesday,Lunch,"Rajma, Rice, Salad",500,15,0.97,15,0.92,460,475,475,199.78,188.24,11.54,0,0,33.4,209.81,202.25,7.56,196.12
2025-04-29,Tuesday,Snacks,Fruit Chaat,500,2,0.9,2,0.86,430,432,451,69.56,63.87,5.7,0,0,30.1,58.42,55.36,3.06,55.87
2025-04-30,Wednesday,Breakfast,"Upma, Coffee",500,4,0.87,3,0.9,450,453,464,115.9,112.95,2.96,0,0,28.5,120.65,116.3,4.35,114.5
2025-04-30,Wednesday,Dinner,"Paneer Curry, Roti, Rice",500,15,0.87,13,0.95,476,489,481,215.99,205.79,10.2,0,0,27.1,236.71,225.32,11.38,220.89
2025-04-30,Wednesday,Lunch,"Dal, Rice, Roti, Mixed Veg",500,16,0.93,15,0.94,468,483,475,209.81,202.25,7.56,0,0,30.2,215.85,208.86,6.99,202.26
2025-04-30,Wednesday,Snacks,"Pakora, Tea",500,8,0.89,7,0.88,440,447,432,58.42,55.36,3.06,0,0,27.1,71.28,66.78,4.49,67.95
2025-05-01,Thursday,Breakfast,"Idli, Sambar, Chutney",500,8,0.94,8,0.89,443,451,453,120.65,116.3,4.35,0,0,30.6,118.28,112.69,5.59,114.17
2025-05-01,Thursday,Dinner,"Khichdi, Papad",500,31,0.91,28,0.91,454,482,489,236.71,225.32,11.38,0,0,32.2,194.21,184.7,9.51,188.79
2025-05-01,Thursday,Lunch,"Chole, Roti, Curd",500,13,0.93,12,0.94,470,482,483,215.85,208.86,6.99,0,0,31.5,210.94,200.55,10.39,197.68
2025-05-01,Thursday,Snacks,"Pakora, Tea",500,19,0.85,16,0.9,451,467,447,71.28,66.78,4.49,0,0,35.7,72.0,68.31,3.68,70.05
2025-05-02,Friday,Breakfast,"Idli, Sambar, Chutney",500,12,0.92,11,0.87,434,445,451,118.28,112.69,5.59,0,0,30.0,118.32,112.9,5.43,112.8
2025-05-02,Friday,Dinner,"Veg Biryani, Raita",500,29,0.9,26,0.9,448,474,482,194.21,184.7,9.51,0,0,34.1,200.09,188.35,11.74,191.15
2025-05-02,Friday,Lunch,"Dal, Rice, Roti, Mixed Veg",500,21,0.92,19,0.95,476,495,482,210.94,200.55,10.39,0,0,28.3,216.23,204.71,11.52,211.31
2025-05-02,Friday,Snacks,"Sandwich, Juice",500,3,0.91,3,0.87,436,439,467,72.0,68.31,3.68,0,0,29.4,62.89,59.04,3.85,60.56
2025-05-03,Saturday,Breakfast,"Bread Omelette, Milk",500,4,0.97,4,0.84,420,424,445,118.32,112.9,5.43,0,0,32.7,120.29,113.37,6.92,112.97
2025-05-03,Saturday,Dinner,"Paneer Curry, Roti, Rice",500,12,0.9,11,0.83,416,427,474,200.09,188.35,11.74,0,0,30.9,204.28,192.64,11.64,196.51
2025-05-03,Saturday,Lunch,"Sambar Rice, Papad",500,20,0.9,18,0.9,450,468,495,216.23,204.71,11.52,0,0,31.0,201.69,190.36,11.33,193.48
2025-05-03,Saturday,Snacks,"Pakora, Tea",500,24,0.92,22,0.82,409,431,439,62.89,59.04,3.85,0,0,31.4,66.08,59.56,6.53,64.46
2025-05-04,Sunday,Breakfast,"Idli, Sambar, Chutney",500,10,0.84,8,0.78,390,398,424,120.29,113.37,6.92,0,1,36.0,113.62,104.17,9.44,106.91
2025-05-04,Sunday,Dinner,"Veg Biryani, Raita",500,35,0.9,32,0.86,428,460,427,204.28,192.64,11.64,0,1,32.4,209.23,193.43,15.8,201.33
2025-05-04,Sunday,Lunch,"Rajma, Rice, Salad",500,14,0.9,13,0.84,422,435,468,201.69,190.36,11.33,0,1,30.0,190.89,179.23,11.66,186.6
2025-05-04,Sunday,Snacks,Fruit Chaat,500,11,0.97,11,0.84,418,429,431,66.08,59.56,6.53,0,1,31.7,58.3,53.82,4.48,55.95
2025-05-05,Monday,Breakfast,"Idli, Sambar, Chutney",500,4,0.83,3,0.85,426,429,398,113.62,104.17,9.44,0,0,34.0,114.69,107.36,7.33,111.99
2025-05-05,Monday,Dinner,"Veg Biryani, Raita",500,32,0.89,29,0.88,442,471,460,209.23,193.43,15.8,0,0,34.1,212.51,196.83,15.68,198.83
2025-05-05,Monday,Lunch,"Chole, Roti, Curd",500,10,0.89,9,0.93,467,476,435,190.89,179.23,11.66,0,0,28.7,205.37,193.07,12.3,194.8
2025-05-05,Monday,Snacks,"Pakora, Tea",500,2,0.94,2,0.94,468,470,429,58.3,53.82,4.48,0,0,32.9,74.79,70.22,4.57,71.19
2025-05-06,Tuesday,Breakfast,"Upma, Coffee",500,5,0.89,4,0.86,428,432,429,114.69,107.36,7.33,0,1,32.1,106.41,99.35,7.07,104.16
2025-05-06,Tuesday,Dinner,"Paneer Curry, Roti, Rice",500,24,0.89,21,0.94,470,491,471,212.51,196.83,15.68,0,1,32.9,231.08,224.01,7.08,225.62
2025-05-06,Tuesday,Lunch,"Rajma, Rice, Salad",500,17,0.89,15,0.89,446,461,476,205.37,193.07,12.3,0,1,32.4,200.13,187.92,12.21,193.8
2025-05-06,Tuesday,Snacks,Fruit Chaat,500,9,0.89,8,0.87,435,443,470,74.79,70.22,4.57,0,1,32.2,60.81,55.29,5.52,59.04
2025-05-07,Wednesday,Breakfast,"Upma, Coffee",500,12,0.88,11,0.92,462,473,432,106.41,99.35,7.07,0,0,31.3,116.02,110.77,5.25,110.42
2025-05-07,Wednesday,Dinner,"Paneer Curry, Roti, Rice",500,11,0.84,9,0.95,474,483,491,231.08,224.01,7.08,0,0,35.4,221.25,210.39,10.87,211.9
2025-05-07,Wednesday,Lunch,"Dal, Rice, Roti, Mixed Veg",500,9,0.88,8,0.97,486,494,461,200.13,187.92,12.21,0,0,30.4,221.05,203.08,17.97,209.06
2025-05-07,Wednesday,Snacks,"Pakora, Tea",500,15,0.91,14,0.92,460,474,443,60.81,55.29,5.52,0,0,30.0,73.47,69.21,4.26,68.87
2025-05-08,Thursday,Breakfast,"Idli, Sambar, Chutney",500,4,0.9,4,0.9,448,452,473,116.02,110.77,5.25,0,1,33.5,119.58,114.57,5.01,116.97
2025-05-08,Thursday,Dinner,"Khichdi, Papad",500,7,0.83,6,0.89,445,451,483,221.25,210.39,10.87,0,1,33.5,186.01,169.45,16.56,174.09
2025-05-08,Thursday,Lunch,"Chole, Roti, Curd",500,14,0.95,13,0.92,460,473,494,221.05,203.08,17.97,0,1,31.9,203.87,191.19,12.69,197.36
2025-05-08,Thursday,Snacks,"Pakora, Tea",500,13,0.9,12,0.8,400,412,474,73.47,69.21,4.26,0,1,36.6,62.18,55.01,7.16,58.69
2025-05-09,Friday,Breakfast,"Idli, Sambar, Chutney",500,16,0.89,14,0.86,432,446,452,119.58,114.57,5.01,0,0,33.8,119.68,114.44,5.24,116.09
2025-05-09,Friday,Dinner,"Veg Biryani, Raita",500,25,0.94,24,0.92,458,482,451,186.01,169.45,16.56,0,0,29.4,212.72,204.36,8.36,208.37
2025-05-09,Friday,Lunch,"Dal, Rice, Roti, Mixed Veg",500,14,0.93,13,0.94,468,481,473,203.87,191.19,12.69,0,0,34.1,230.39,217.66,12.73,214.87
2025-05-09,Friday,Snacks,"Sandwich, Juice",500,5,0.85,4,0.92,459,463,412,62.18,55.01,7.16,0,0,32.7,67.97,64.28,3.69,65.49
2025-05-10,Saturday,Breakfast,"Bread Omelette, Milk",500,13,0.93,12,0.8,400,412,446,119.68,114.44,5.24,0,0,31.4,119.14,110.81,8.33,110.83
2025-05-10,Saturday,Dinner,"Paneer Curry, Roti, Rice",500,20,0.91,18,0.91,454,472,482,212.72,204.36,8.36,0,0,29.5,228.99,219.25,9.75,214.9
2025-05-10,Saturday,Lunch,"Sambar Rice, Papad",500,7,0.98,7,0.88,440,447,481,230.39,217.66,12.73,0,0,31.0,195.91,185.16,10.75,182.83
2025-05-10,Saturday,Snacks,"Pakora, Tea",500,18,0.82,15,0.8,400,415,463,67.97,64.28,3.69,0,0,27.6,62.82,56.77,6.04,61.56
2025-05-11,Sunday,Breakfast,"Idli, Sambar, Chutney",500,2,0.95,2,0.81,404,406,412,119.14,110.81,8.33,0,1,32.3,112.1,100.12,11.99,105.68
2025-05-11,Sunday,Dinner,"Veg Biryani, Raita",500,25,0.92,23,0.88,438,461,472,228.99,219.25,9.75,0,1,32.0,207.63,197.74,9.89,196.41
2025-05-11,Sunday,Lunch,"Rajma, Rice, Salad",500,6,0.96,6,0.86,430,436,447,195.91,185.16,10.75,0,1,32.9,197.33,185.68,11.64,187.83
2025-05-11,Sunday,Snacks,Fruit Chaat,500,4,0.88,4,0.84,420,424,415,62.82,56.77,6.04,0,1,33.1,58.36,53.8,4.55,55.27
2025-05-12,Monday,Breakfast,"Idli, Sambar, Chutney",500,18,0.85,15,0.83,416,431,406,112.1,100.12,11.99,0,1,33.8,121.37,112.86,8.51,114.23
2025-05-12,Monday,Dinner,"Veg Biryani, Raita",500,27,0.9,24,0.91,454,478,461,207.63,197.74,9.89,0,1,30.0,211.7,202.1,9.6,206.25
2025-05-12,Monday,Lunch,"Chole, Roti, Curd",500,25,0.94,24,0.88,440,464,436,197.33,185.68,11.64,0,1,32.1,194.46,184.02,10.43,182.21
2025-05-12,Monday,Snacks,"Pakora, Tea",500,18,0.86,16,0.9,450,466,424,58.36,53.8,4.55,0,1,29.0,73.48,68.13,5.34,70.26
2025-05-13,Tuesday,Breakfast,"Upma, Coffee",500,18,0.91,16,0.89,443,459,431,121.37,112.86,8.51,0,0,34.0,113.77,108.58,5.19,109.27
2025-05-13,Tuesday,Dinner,"Paneer Curry, Roti, Rice",500,34,0.86,29,0.89,444,473,478,211.7,202.1,9.6,0,0,28.1,216.43,208.15,8.28,208.16
2025-05-13,Tuesday,Lunch,"Rajma, Rice, Salad",500,16,0.85,14,0.91,454,468,464,194.46,184.02,10.43,0,0,33.8,204.29,195.34,8.95,196.2
2025-05-13,Tuesday,Snacks,Fruit Chaat,500,19,0.9,17,0.88,442,459,466,73.48,68.13,5.34,0,0,30.0,60.48,57.69,2.79,57.95
2025-05-14,Wednesday,Breakfast,"Upma, Coffee",500,13,0.92,12,0.83,414,426,459,113.77,108.58,5.19,0,0,32.0,99.89,91.15,8.75,96.16
2025-05-14,Wednesday,Dinner,"Paneer Curry, Roti, Rice",500,26,0.89,23,0.87,436,459,473,216.43,208.15,8.28,0,0,31.0,212.76,202.9,9.85,203.6
2025-05-14,Wednesday,Lunch,"Dal, Rice, Roti, Mixed Veg",500,8,0.91,7,0.92,458,465,468,204.29,195.34,8.95,0,0,36.9,198.22,190.34,7.88,187.74
2025-05-14,Wednesday,Snacks,"Pakora, Tea",500,6,0.87,5,0.86,432,437,459,60.48,57.69,2.79,0,0,33.0,67.17,62.08,5.09,65.62
2025-05-15,Thursday,Breakfast,"Idli, Sambar, Chutney",500,16,0.9,14,0.91,454,468,426,99.89,91.15,8.75,0,0,33.1,124.11,117.48,6.63,120.97
2025-05-15,Thursday,Dinner,"Khichdi, Papad",500,26,0.89,23,0.91,456,479,459,212.76,202.9,9.85,0,0,30.2,190.96,179.59,11.37,186.02
2025-05-15,Thursday,Lunch,"Chole, Roti, Curd",500,8,0.93,7,0.96,480,487,465,198.22,190.34,7.88,0,0,33.2,221.24,207.43,13.81,210.33
2025-05-15,Thursday,Snacks,"Pakora, Tea",500,5,0.94,5,0.87,434,439,437,67.17,62.08,5.09,0,0,29.6,66.45,61.05,5.4,63.39
2025-05-16,Friday,Breakfast,"Idli, Sambar, Chutney",500,14,0.9,13,0.9,450,463,468,124.11,117.48,6.63,0,0,30.0,121.08,115.02,6.06,117.28
2025-05-16,Friday,Dinner,"Veg Biryani, Raita",500,13,0.9,12,0.96,482,494,479,190.96,179.59,11.37,0,0,33.9,238.8,233.01,5.79,227.53
2025-05-16,Friday,Lunch,"Dal, Rice, Roti, Mixed Veg",500,8,0.82,7,0.94,470,477,487,221.24,207.43,13.81,0,0,34.3,215.51,206.04,9.47,205.12
2025-05-16,Friday,Snacks,"Sandwich, Juice",500,17,0.85,14,0.91,457,471,439,66.45,61.05,5.4,0,0,30.9,67.92,65.63,2.29,65.35
2025-05-17,Saturday,Breakfast,"Bread Omelette, Milk",500,5,0.85,4,0.9,448,452,463,121.08,115.02,6.06,0,0,29.5,124.43,119.59,4.84,117.89
2025-05-17,Saturday,Dinner,"Paneer Curry, Roti, Rice",500,7,0.89,6,0.9,451,457,494,238.8,233.01,5.79,0,0,37.4,203.96,196.14,7.81,196.9
2025-05-17,Saturday,Lunch,"Sambar Rice, Papad",500,28,0.9,25,0.85,424,449,477,215.51,206.04,9.47,0,0,28.3,197.41,183.87,13.54,189.54
2025-05-17,Saturday,Snacks,"Pakora, Tea",500,8,0.88,7,0.86,432,439,471,67.92,65.63,2.29,0,0,34.8,68.71,64.63,4.08,64.58
2025-05-18,Sunday,Breakfast,"Idli, Sambar, Chutney",500,14,0.88,12,0.82,412,424,452,124.43,119.59,4.84,0,0,35.7,111.26,103.15,8.11,105.83
2025-05-18,Sunday,Dinner,"Veg Biryani, Raita",500,17,0.88,15,0.89,444,459,457,203.96,196.14,7.81,0,0,30.6,212.33,203.63,8.7,203.25
2025-05-18,Sunday,Lunch,"Rajma, Rice, Salad",500,11,0.9,10,0.9,452,462,449,197.41,183.87,13.54,0,0,27.7,215.45,203.74,11.72,201.45
2025-05-18,Sunday,Snacks,Fruit Chaat,500,10,0.84,8,0.89,446,454,439,68.71,64.63,4.08,0,0,32.7,59.82,56.73,3.09,57.39
2025-05-19,Monday,Breakfast,"Idli, Sambar, Chutney",500,18,0.96,17,0.85,426,443,424,111.26,103.15,8.11,0,1,32.8,120.62,111.85,8.78,117.19
2025-05-19,Monday,Dinner,"Veg Biryani, Raita",500,6,0.89,5,0.88,438,443,459,212.33,203.63,8.7,0,1,34.9,215.36,200.33,15.04,200.97
2025-05-19,Monday,Lunch,"Chole, Roti, Curd",500,10,0.93,9,0.91,456,465,462,215.45,203.74,11.72,0,1,33.8,200.57,185.39,15.18,193.94
2025-05-19,Monday,Snacks,"Pakora, Tea",500,20,0.9,18,0.88,441,459,454,59.82,56.73,3.09,0,1,32.0,71.72,65.01,6.71,67.35
2025-05-20,Tuesday,Breakfast,"Upma, Coffee",500,18,0.91,16,0.82,408,424,443,120.62,111.85,8.78,0,1,35.6,100.65,92.53,8.12,97.8
2025-05-20,Tuesday,Dinner,"Paneer Curry, Roti, Rice",500,30,0.92,28,0.9,449,477,443,215.36,200.33,15.04,0,1,31.2,226.5,217.25,9.25,211.02
2025-05-20,Tuesday,Lunch,"Rajma, Rice, Salad",500,13,0.88,11,0.92,462,473,465,200.57,185.39,15.18,0,1,33.7,207.14,193.94,13.2,202.91
2025-05-20,Tuesday,Snacks,Fruit Chaat,500,5,0.93,5,0.88,441,446,459,71.72,65.01,6.71,0,1,30.7,58.37,56.55,1.82,56.44
2025-05-21,Wednesday,Breakfast,"Upma, Coffee",500,14,0.88,12,0.86,428,440,424,100.65,92.53,8.12,0,0,38.1,109.94,101.61,8.33,102.47
2025-05-21,Wednesday,Dinner,"Paneer Curry, Roti, Rice",500,16,0.9,14,0.92,460,474,477,226.5,217.25,9.25,0,0,33.1,218.74,210.81,7.93,207.09
2025-05-21,Wednesday,Lunch,"Dal, Rice, Roti, Mixed Veg",500,25,0.88,22,0.94,468,490,473,207.14,193.94,13.2,0,0,31.3,222.98,210.07,12.91,215.11
2025-05-21,Wednesday,Snacks,"Pakora, Tea",500,20,0.9,18,0.87,434,452,446,58.37,56.55,1.82,0,0,30.7,74.98,69.0,5.98,70.14
2025-05-22,Thursday,Breakfast,"Idli, Sambar, Chutney",500,10,0.92,9,0.85,423,432,440,109.94,101.61,8.33,0,1,30.4,114.03,105.64,8.39,111.0
2025-05-22,Thursday,Dinner,"Khichdi, Papad",500,25,0.91,23,0.9,450,473,474,218.74,210.81,7.93,0,1,33.8,197.26,181.82,15.44,188.25
2025-05-22,Thursday,Lunch,"Chole, Roti, Curd",500,5,0.98,5,0.94,468,473,490,222.98,210.07,12.91,0,1,31.9,204.01,191.73,12.28,193.68
2025-05-22,Thursday,Snacks,"Pakora, Tea",500,16,0.92,15,0.83,416,431,452,74.98,69.0,5.98,0,1,35.0,67.19,60.8,6.39,65.05
2025-05-23,Friday,Breakfast,"Idli, Sambar, Chutney",500,11,0.91,10,0.9,450,460,432,114.03,105.64,8.39,0,1,31.4,127.69,121.84,5.86,123.31
2025-05-23,Friday,Dinner,"Veg Biryani, Raita",500,6,0.89,5,0.9,450,455,473,197.26,181.82,15.44,0,1,30.0,214.99,205.21,9.78,204.05
2025-05-23,Friday,Lunch,"Dal, Rice, Roti, Mixed Veg",500,16,0.89,14,0.94,472,486,473,204.01,191.73,12.28,0,1,34.3,209.37,200.64,8.73,201.88
2025-05-23,Friday,Snacks,"Sandwich, Juice",500,6,0.93,6,0.88,438,444,431,67.19,60.8,6.39,0,1,32.8,63.91,59.13,4.78,60.17
2025-05-24,Saturday,Breakfast,"Bread Omelette, Milk",500,22,0.93,20,0.82,412,432,460,127.69,121.84,5.86,0,0,31.5,121.4,115.74,5.65,114.77
2025-05-24,Saturday,Dinner,"Paneer Curry, Roti, Rice",500,25,0.87,22,0.88,441,463,455,214.99,205.21,9.78,0,0,36.1,225.51,212.74,12.78,216.21
2025-05-24,Saturday,Lunch,"Sambar Rice, Papad",500,13,0.93,12,0.89,447,459,486,209.37,200.64,8.73,0,0,32.0,183.36,179.03,4.34,178.66
2025-05-24,Saturday,Snacks,"Pakora, Tea",500,4,0.97,4,0.83,416,420,444,63.91,59.13,4.78,0,0,31.4,63.7,57.68,6.02,60.19
2025-05-25,Sunday,Breakfast,"Idli, Sambar, Chutney",500,6,0.87,5,0.87,434,439,432,121.4,115.74,5.65,0,0,32.3,122.96,114.76,8.2,116.19
2025-05-25,Sunday,Dinner,"Veg Biryani, Raita",500,6,0.98,6,0.82,412,418,463,225.51,212.74,12.78,0,0,35.7,197.02,186.03,10.99,183.71
2025-05-25,Sunday,Lunch,"Rajma, Rice, Salad",500,14,0.9,13,0.84,420,433,459,183.36,179.03,4.34,0,0,30.3,191.41,182.31,9.1,187.63
2025-05-25,Sunday,Snacks,Fruit Chaat,500,20,0.9,18,0.84,418,436,420,63.7,57.68,6.02,0,0,29.3,60.1,55.21,4.9,56.98
2025-05-26,Monday,Breakfast,"Idli, Sambar, Chutney",500,14,0.9,13,0.9,448,461,439,122.96,114.76,8.2,0,0,36.9,125.62,120.85,4.76,119.51
2025-05-26,Monday,Dinner,"Veg Biryani, Raita",500,18,0.9,16,0.9,448,464,418,197.02,186.03,10.99,0,0,38.6,211.65,201.72,9.93,201.96
2025-05-26,Monday,Lunch,"Chole, Roti, Curd",500,27,0.84,23,0.91,454,477,433,191.41,182.31,9.1,0,0,30.9,208.72,196.5,12.22,198.41
2025-05-26,Monday,Snacks,"Pakora, Tea",500,15,0.94,14,0.87,436,450,436,60.1,55.21,4.9,0,0,28.4,71.25,66.63,4.62,67.94
2025-05-27,Tuesday,Breakfast,"Upma, Coffee",500,18,0.94,17,0.88,438,455,461,125.62,120.85,4.76,0,1,33.6,113.1,106.7,6.4,110.19
2025-05-27,Tuesday,Dinner,"Paneer Curry, Roti, Rice",500,7,0.91,6,0.89,447,453,464,211.65,201.72,9.93,0,1,34.3,207.95,195.91,12.04,201.1
2025-05-27,Tuesday,Lunch,"Rajma, Rice, Salad",500,19,0.9,17,0.89,444,461,477,208.72,196.5,12.22,0,1,32.9,200.28,193.87,6.41,190.27
2025-05-27,Tuesday,Snacks,Fruit Chaat,500,17,0.95,16,0.81,406,422,450,71.25,66.63,4.62,0,1,34.6,58.39,54.73,3.66,56.07
2025-05-28,Wednesday,Breakfast,"Upma, Coffee",500,17,0.86,15,0.9,452,467,455,113.1,106.7,6.4,0,0,31.7,115.92,108.74,7.18,112.61
2025-05-28,Wednesday,Dinner,"Paneer Curry, Roti, Rice",500,19,0.84,16,0.93,466,482,453,207.95,195.91,12.04,0,0,32.4,232.36,220.75,11.62,219.44
2025-05-28,Wednesday,Lunch,"Dal, Rice, Roti, Mixed Veg",500,10,0.94,9,0.93,463,472,461,200.28,193.87,6.41,0,0,33.0,217.48,210.1,7.38,206.49
2025-05-28,Wednesday,Snacks,"Pakora, Tea",500,20,0.92,18,0.89,446,464,422,58.39,54.73,3.66,0,0,32.3,69.09,65.29,3.8,65.16
2025-05-29,Thursday,Breakfast,"Idli, Sambar, Chutney",500,7,0.93,6,0.84,421,427,467,115.92,108.74,7.18,0,1,35.9,114.24,106.58,7.65,110.29
2025-05-29,Thursday,Dinner,"Khichdi, Papad",500,23,0.86,20,0.92,461,481,482,232.36,220.75,11.62,0,1,33.4,194.58,185.39,9.19,188.54
2025-05-29,Thursday,Lunch,"Chole, Roti, Curd",500,20,0.88,18,0.9,450,468,472,217.48,210.1,7.38,0,1,32.6,203.11,193.08,10.03,193.36
2025-05-29,Thursday,Snacks,"Pakora, Tea",500,5,0.95,5,0.85,426,431,464,69.09,65.29,3.8,0,1,34.6,67.52,61.67,5.85,62.98
2025-05-30,Friday,Breakfast,"Idli, Sambar, Chutney",500,17,0.84,14,0.93,463,477,427,114.24,106.58,7.65,0,0,31.7,126.17,121.38,4.79,122.9
2025-05-30,Friday,Dinner,"Veg Biryani, Raita",500,11,0.79,9,0.89,447,456,481,194.58,185.39,9.19,0,0,33.9,202.73,191.1,11.63,195.26
2025-05-30,Friday,Lunch,"Dal, Rice, Roti, Mixed Veg",500,4,0.92,4,0.95,473,477,468,203.11,193.08,10.03,0,0,36.6,224.55,207.4,17.14,213.21
2025-05-30,Friday,Snacks,"Sandwich, Juice",500,20,0.89,18,0.87,433,451,431,67.52,61.67,5.85,0,0,34.6,65.4,60.18,5.23,61.45
2025-05-31,Saturday,Breakfast,"Bread Omelette, Milk",500,4,0.92,4,0.84,418,422,477,126.17,121.38,4.79,0,1,30.3,112.16,106.68,5.48,108.81
2025-05-31,Saturday,Dinner,"Paneer Curry, Roti, Rice",500,40,0.88,35,0.83,417,452,456,202.73,191.1,11.63,0,1,35.9,199.36,186.3,13.06,194.68
2025-05-31,Saturday,Lunch,"Sambar Rice, Papad",500,22,0.91,20,0.88,440,460,477,224.55,207.4,17.14,0,1,38.2,195.41,187.85,7.56,185.53
2025-05-31,Saturday,Snacks,"Pakora, Tea",500,16,0.88,14,0.83,417,431,451,65.4,60.18,5.23,0,1,31.7,68.13,61.93,6.2,64.69
2025-06-01,Sunday,Breakfast,"Idli, Sambar, Chutney",500,21,0.92,19,0.68,342,361,422,112.16,106.68,5.48,1,0,35.3,96.13,84.19,11.94,93.89
2025-06-01,Sunday,Dinner,"Veg Biryani, Raita",500,8,0.86,7,0.72,360,367,452,199.36,186.3,13.06,1,0,31.7,170.15,152.66,17.49,160.19
2025-06-01,Sunday,Lunch,"Rajma, Rice, Salad",500,30,0.87,26,0.78,392,418,460,195.41,187.85,7.56,1,0,30.4,189.64,169.04,20.6,178.28
2025-06-01,Sunday,Snacks,Fruit Chaat,500,20,0.91,18,0.7,352,370,431,68.13,61.93,6.2,1,0,31.8,50.44,43.72,6.72,47.85
2025-06-02,Monday,Breakfast,"Idli, Sambar, Chutney",500,8,0.95,8,0.88,442,450,361,96.13,84.19,11.94,0,0,35.2,123.93,119.24,4.7,117.11
2025-06-02,Monday,Dinner,"Veg Biryani, Raita",500,9,0.9,8,0.89,443,451,367,170.15,152.66,17.49,0,0,34.5,211.88,200.16,11.72,203.89
2025-06-02,Monday,Lunch,"Chole, Roti, Curd",500,9,0.96,9,0.95,475,484,418,189.64,169.04,20.6,0,0,33.2,211.32,201.34,9.97,203.7
2025-06-02,Monday,Snacks,"Pakora, Tea",500,4,0.88,4,0.93,466,470,370,50.44,43.72,6.72,0,0,35.7,70.66,66.61,4.05,68.17
2025-06-03,Tuesday,Breakfast,"Upma, Coffee",500,10,0.86,9,0.85,426,435,450,123.93,119.24,4.7,0,0,34.6,108.58,101.09,7.49,104.65
2025-06-03,Tuesday,Dinner,"Paneer Curry, Roti, Rice",500,9,0.91,8,0.98,490,498,451,211.88,200.16,11.72,0,0,32.9,220.98,208.77,12.21,215.83
2025-06-03,Tuesday,Lunch,"Rajma, Rice, Salad",500,11,0.88,10,0.95,476,486,484,211.32,201.34,9.97,0,0,35.4,215.89,206.75,9.14,211.1
2025-06-03,Tuesday,Snacks,Fruit Chaat,500,11,0.89,10,0.84,422,432,470,70.66,66.61,4.05,0,0,35.9,55.71,51.71,4.0,53.92
2025-06-04,Wednesday,Breakfast,"Upma, Coffee",500,9,0.88,8,0.83,416,424,435,108.58,101.09,7.49,0,0,34.8,106.05,99.41,6.64,103.5
2025-06-04,Wednesday,Dinner,"Paneer Curry, Roti, Rice",500,27,0.9,24,0.94,468,492,498,220.98,208.77,12.21,0,0,34.5,231.23,222.33,8.89,217.9
2025-06-04,Wednesday,Lunch,"Dal, Rice, Roti, Mixed Veg",500,9,0.92,8,0.91,456,464,486,215.89,206.75,9.14,0,0,31.4,223.3,213.63,9.67,212.57
2025-06-04,Wednesday,Snacks,"Pakora, Tea",500,18,0.94,17,0.92,462,479,432,55.71,51.71,4.0,0,0,34.2,75.95,71.91,4.04,71.21
2025-06-05,Thursday,Breakfast,"Idli, Sambar, Chutney",500,18,0.89,16,0.86,428,444,424,106.05,99.41,6.64,0,0,35.6,121.66,112.34,9.31,117.06
2025-06-05,Thursday,Dinner,"Khichdi, Papad",500,11,0.86,9,0.9,448,457,492,231.23,222.33,8.89,0,0,30.8,177.26,162.06,15.19,172.45
2025-06-05,Thursday,Lunch,"Chole, Roti, Curd",500,20,0.9,18,0.91,454,472,464,223.3,213.63,9.67,0,0,32.6,209.99,204.09,5.9,199.86
2025-06-05,Thursday,Snacks,"Pakora, Tea",500,15,0.88,13,0.91,456,469,479,75.95,71.91,4.04,0,0,30.6,76.86,71.97,4.88,71.81
2025-06-06,Friday,Breakfast,"Idli, Sambar, Chutney",500,11,0.96,11,0.86,430,441,444,121.66,112.34,9.31,0,0,35.6,123.01,115.58,7.43,117.15
2025-06-06,Friday,Dinner,"Veg Biryani, Raita",500,35,0.89,31,0.92,460,491,457,177.26,162.06,15.19,0,0,36.8,228.25,215.06,13.18,217.42
2025-06-06,Friday,Lunch,"Dal, Rice, Roti, Mixed Veg",500,12,0.88,11,0.96,482,493,472,209.99,204.09,5.9,0,0,28.0,220.87,211.5,9.37,210.54
2025-06-06,Friday,Snacks,"Sandwich, Juice",500,10,0.98,10,0.84,421,431,469,76.86,71.97,4.88,0,0,36.7,60.38,56.16,4.22,57.02
2025-06-07,Saturday,Breakfast,"Bread Omelette, Milk",500,22,0.96,21,0.88,442,463,441,123.01,115.58,7.43,0,0,34.2,128.83,122.33,6.49,124.78
2025-06-07,Saturday,Dinner,"Paneer Curry, Roti, Rice",500,13,0.96,13,0.84,418,431,491,228.25,215.06,13.18,0,0,33.0,209.22,196.36,12.87,196.87
2025-06-07,Saturday,Lunch,"Sambar Rice, Papad",500,16,0.92,15,0.81,407,422,493,220.87,211.5,9.37,0,0,38.3,185.15,172.31,12.84,174.08
2025-06-07,Saturday,Snacks,"Pakora, Tea",500,6,0.97,6,0.85,424,430,431,60.38,56.16,4.22,0,0,34.0,62.23,56.8,5.44,59.62
2025-06-08,Sunday,Breakfast,"Idli, Sambar, Chutney",500,2,0.83,2,0.81,406,408,463,128.83,122.33,6.49,0,0,34.4,113.5,105.19,8.31,106.08
2025-06-08,Sunday,Dinner,"Veg Biryani, Raita",500,24,0.94,22,0.89,443,465,431,209.22,196.36,12.87,0,0,25.1,210.56,203.35,7.21,197.8
2025-06-08,Sunday,Lunch,"Rajma, Rice, Salad",500,8,0.9,7,0.9,450,457,422,185.15,172.31,12.84,0,0,34.8,201.46,187.63,13.82,193.62
2025-06-08,Sunday,Snacks,Fruit Chaat,500,7,0.9,6,0.85,425,431,430,62.23,56.8,5.44,0,0,30.3,58.08,53.83,4.25,54.07
2025-06-09,Monday,Breakfast,"Idli, Sambar, Chutney",500,4,0.93,4,0.89,446,450,408,113.5,105.19,8.31,0,0,34.5,124.76,118.73,6.03,118.79
2025-06-09,Monday,Dinner,"Veg Biryani, Raita",500,29,0.91,26,0.91,456,482,465,210.56,203.35,7.21,0,0,31.2,233.75,221.59,12.16,217.64
2025-06-09,Monday,Lunch,"Chole, Roti, Curd",500,19,0.84,16,0.96,481,497,457,201.46,187.63,13.82,0,0,27.6,221.42,210.63,10.79,212.53
2025-06-09,Monday,Snacks,"Pakora, Tea",500,16,0.9,14,0.92,458,472,431,58.08,53.83,4.25,0,0,37.6,74.88,69.26,5.62,70.04
2025-06-10,Tuesday,Breakfast,"Upma, Coffee",500,3,0.87,3,0.91,454,457,450,124.76,118.73,6.03,0,0,36.5,112.7,107.76,4.94,109.32
2025-06-10,Tuesday,Dinner,"Paneer Curry, Roti, Rice",500,22,0.85,19,0.93,466,485,482,233.75,221.59,12.16,0,0,31.2,222.64,214.21,8.44,212.97
2025-06-10,Tuesday,Lunch,"Rajma, Rice, Salad",500,9,0.89,8,0.9,451,459,497,221.42,210.63,10.79,0,0,28.7,197.44,190.5,6.94,189.73
2025-06-10,Tuesday,Snacks,Fruit Chaat,500,4,0.85,3,0.91,455,458,472,74.88,69.26,5.62,0,0,32.0,61.09,58.17,2.93,59.0
2025-06-11,Wednesday,Breakfast,"Upma, Coffee",500,11,0.88,10,0.85,426,436,457,112.7,107.76,4.94,0,0,30.8,111.52,105.82,5.7,105.04
2025-06-11,Wednesday,Dinner,"Paneer Curry, Roti, Rice",500,26,0.92,24,0.88,440,464,485,222.64,214.21,8.44,0,0,28.7,228.09,217.66,10.43,213.22
2025-06-11,Wednesday,Lunch,"Dal, Rice, Roti, Mixed Veg",500,5,0.82,4,0.9,451,455,459,197.44,190.5,6.94,0,0,36.9,206.43,191.32,15.11,196.08
2025-06-11,Wednesday,Snacks,"Pakora, Tea",500,11,0.9,10,0.88,441,451,458,61.09,58.17,2.93,0,0,33.2,68.49,62.6,5.9,66.21
2025-06-12,Thursday,Breakfast,"Idli, Sambar, Chutney",500,17,0.86,15,0.88,441,456,436,111.52,105.82,5.7,0,0,35.3,124.92,118.74,6.18,119.74
2025-06-12,Thursday,Dinner,"Khichdi, Papad",500,32,0.93,30,0.91,457,487,464,228.09,217.66,10.43,0,0,34.0,199.47,189.48,9.99,193.69
2025-06-12,Thursday,Lunch,"Chole, Roti, Curd",500,10,0.91,9,0.93,466,475,455,206.43,191.32,15.11,0,0,35.5,207.5,201.27,6.23,202.6
2025-06-12,Thursday,Snacks,"Pakora, Tea",500,7,0.88,6,0.9,449,455,451,68.49,62.6,5.9,0,0,38.0,71.78,67.82,3.95,67.17
2025-06-13,Friday,Breakfast,"Idli, Sambar, Chutney",500,2,0.9,2,0.84,422,424,456,124.92,118.74,6.18,0,0,32.6,118.06,110.15,7.92,111.65
2025-06-13,Friday,Dinner,"Veg Biryani, Raita",500,17,0.94,16,0.91,455,471,487,199.47,189.48,9.99,0,0,36.0,221.38,210.65,10.73,205.96
2025-06-13,Friday,Lunch,"Dal, Rice, Roti, Mixed Veg",500,7,0.81,6,0.9,452,458,475,207.5,201.27,6.23,0,0,37.3,206.03,197.01,9.02,192.63
2025-06-13,Friday,Snacks,"Sandwich, Juice",500,4,0.92,4,0.87,437,441,455,71.78,67.82,3.95,0,0,36.8,67.26,64.61,2.65,62.89
2025-06-14,Saturday,Breakfast,"Bread Omelette, Milk",500,7,0.96,7,0.86,428,435,424,118.06,110.15,7.92,0,0,36.4,117.77,113.28,4.49,109.98
2025-06-14,Saturday,Dinner,"Paneer Curry, Roti, Rice",500,24,0.91,22,0.85,424,446,471,221.38,210.65,10.73,0,0,38.7,197.06,185.54,11.52,190.21
2025-06-14,Saturday,Lunch,"Sambar Rice, Papad",500,29,0.87,25,0.92,458,483,458,206.03,197.01,9.02,0,0,34.9,205.99,193.41,12.58,192.52
2025-06-14,Saturday,Snacks,"Pakora, Tea",500,10,0.89,9,0.84,420,429,441,67.26,64.61,2.65,0,0,36.3,65.29,59.85,5.44,61.67
2025-06-15,Sunday,Breakfast,"Idli, Sambar, Chutney",500,13,0.93,12,0.82,410,422,435,117.77,113.28,4.49,0,0,32.1,115.5,106.58,8.92,110.71
2025-06-15,Sunday,Dinner,"Veg Biryani, Raita",500,12,0.9,11,0.88,438,449,446,197.06,185.54,11.52,0,0,32.7,208.13,198.85,9.28,196.33
2025-06-15,Sunday,Lunch,"Rajma, Rice, Salad",500,29,0.92,27,0.85,426,453,483,205.99,193.41,12.58,0,0,31.9,218.58,203.07,15.51,203.39
2025-06-15,Sunday,Snacks,Fruit Chaat,500,5,0.86,4,0.88,442,446,429,65.29,59.85,5.44,0,0,26.4,60.91,57.02,3.89,56.85
2025-06-16,Monday,Breakfast,"Idli, Sambar, Chutney",500,5,0.9,5,0.85,424,429,422,115.5,106.58,8.92,0,0,38.3,114.79,107.09,7.7,109.7
2025-06-16,Monday,Dinner,"Veg Biryani, Raita",500,33,0.96,32,0.94,472,504,449,208.13,198.85,9.28,0,0,33.7,226.32,219.88,6.45,219.78
2025-06-16,Monday,Lunch,"Chole, Roti, Curd",500,28,0.92,26,0.96,482,508,453,218.58,203.07,15.51,0,0,31.8,222.91,211.4,11.51,211.27
2025-06-16,Monday,Snacks,"Pakora, Tea",500,4,0.92,4,0.91,454,458,446,60.91,57.02,3.89,0,0,36.9,70.71,65.67,5.04,69.16
2025-06-17,Tuesday,Breakfast,"Upma, Coffee",500,5,0.91,5,0.89,445,450,429,114.79,107.09,7.7,0,0,34.4,117.73,111.35,6.38,114.49
2025-06-17,Tuesday,Dinner,"Paneer Curry, Roti, Rice",500,34,0.85,29,0.95,474,503,504,226.32,219.88,6.45,0,0,30.0,222.96,208.29,14.67,217.43
2025-06-17,Tuesday,Lunch,"Rajma, Rice, Salad",500,18,0.85,15,0.93,467,482,508,222.91,211.4,11.51,0,0,34.5,225.03,216.13,8.9,213.89
2025-06-17,Tuesday,Snacks,Fruit Chaat,500,10,0.9,9,0.9,448,457,458,70.71,65.67,5.04,0,0,38.3,60.22,56.91,3.31,58.3
2025-06-18,Wednesday,Breakfast,"Upma, Coffee",500,18,0.9,16,0.91,454,470,450,117.73,111.35,6.38,0,0,38.6,114.64,112.02,2.61,108.28
2025-06-18,Wednesday,Dinner,"Paneer Curry, Roti, Rice",500,32,0.95,30,0.9,448,478,503,222.96,208.29,14.67,0,0,34.3,212.2,201.58,10.61,206.14
2025-06-18,Wednesday,Lunch,"Dal, Rice, Roti, Mixed Veg",500,6,0.8,5,0.92,462,467,482,225.03,216.13,8.9,0,0,36.5,210.39,200.79,9.6,199.45
2025-06-18,Wednesday,Snacks,"Pakora, Tea",500,14,0.85,12,0.89,446,458,457,60.22,56.91,3.31,0,0,32.6,71.52,66.89,4.63,67.74
2025-06-19,Thursday,Breakfast,"Idli, Sambar, Chutney",500,9,0.93,8,0.8,402,410,470,114.64,112.02,2.61,1,0,34.9,112.08,100.27,11.81,105.17
2025-06-19,Thursday,Dinner,"Khichdi, Papad",500,6,0.87,5,0.77,384,389,478,212.2,201.58,10.61,1,0,36.3,159.95,138.44,21.51,154.51
2025-06-19,Thursday,Lunch,"Chole, Roti, Curd",500,31,0.93,29,0.81,404,433,467,210.39,200.79,9.6,1,0,35.4,183.07,168.35,14.72,176.13
2025-06-19,Thursday,Snacks,"Pakora, Tea",500,14,0.9,13,0.76,379,392,458,71.52,66.89,4.63,1,0,31.3,64.08,55.39,8.68,60.0
2025-06-20,Friday,Breakfast,"Idli, Sambar, Chutney",500,12,0.85,10,0.87,436,446,410,112.08,100.27,11.81,0,0,33.9,123.54,116.78,6.76,118.57
2025-06-20,Friday,Dinner,"Veg Biryani, Raita",500,35,0.82,29,0.92,462,491,389,159.95,138.44,21.51,0,0,37.3,224.44,217.13,7.31,215.21
2025-06-20,Friday,Lunch,"Dal, Rice, Roti, Mixed Veg",500,27,0.82,22,0.96,482,504,433,183.07,168.35,14.72,0,0,35.7,227.65,214.54,13.11,213.93
2025-06-20,Friday,Snacks,"Sandwich, Juice",500,6,0.92,6,0.9,449,455,392,64.08,55.39,8.68,0,0,35.5,66.71,63.94,2.77,63.17
2025-06-21,Saturday,Breakfast,"Bread Omelette, Milk",500,7,0.86,6,0.83,413,419,446,123.54,116.78,6.76,0,0,34.3,117.91,110.0,7.91,113.21
2025-06-21,Saturday,Dinner,"Paneer Curry, Roti, Rice",500,29,0.85,25,0.9,451,476,491,224.44,217.13,7.31,0,0,32.7,224.11,214.62,9.49,210.38
2025-06-21,Saturday,Lunch,"Sambar Rice, Papad",500,34,0.93,32,0.87,436,468,504,227.65,214.54,13.11,0,0,32.8,196.58,184.67,11.92,191.34
2025-06-21,Saturday,Snacks,"Pakora, Tea",500,24,0.98,23,0.85,426,449,455,66.71,63.94,2.77,0,0,34.6,69.15,64.49,4.66,67.78
2025-06-22,Sunday,Breakfast,"Idli, Sambar, Chutney",500,19,0.85,16,0.82,412,428,419,117.91,110.0,7.91,0,0,34.8,110.3,102.47,7.83,105.45
2025-06-22,Sunday,Dinner,"Veg Biryani, Raita",500,25,0.87,22,0.9,452,474,476,224.11,214.62,9.49,0,0,35.7,223.33,215.0,8.33,209.35
2025-06-22,Sunday,Lunch,"Rajma, Rice, Salad",500,25,0.88,22,0.87,434,456,468,196.58,184.67,11.92,0,0,32.7,202.25,189.9,12.35,197.86
2025-06-22,Sunday,Snacks,Fruit Chaat,500,4,0.87,3,0.87,434,437,449,69.15,64.49,4.66,0,0,32.0,59.59,56.04,3.55,55.63
2025-06-23,Monday,Breakfast,"Idli, Sambar, Chutney",500,17,0.91,15,0.86,430,445,428,110.3,102.47,7.83,0,0,34.9,126.19,117.95,8.24,117.57
2025-06-23,Monday,Dinner,"Veg Biryani, Raita",500,30,0.9,27,0.97,486,513,474,223.33,215.0,8.33,0,0,31.5,245.07,233.46,11.6,229.56
2025-06-23,Monday,Lunch,"Chole, Roti, Curd",500,7,0.91,6,0.93,466,472,456,202.25,189.9,12.35,0,0,31.3,203.3,189.04,14.27,191.09
2025-06-23,Monday,Snacks,"Pakora, Tea",500,8,0.89,7,0.87,433,440,437,59.59,56.04,3.55,0,0,38.3,70.96,65.8,5.16,66.59
2025-06-24,Tuesday,Breakfast,"Upma, Coffee",500,9,0.84,8,0.84,422,430,445,126.19,117.95,8.24,0,0,34.1,111.22,106.67,4.55,104.66
2025-06-24,Tuesday,Dinner,"Paneer Curry, Roti, Rice",500,31,0.95,29,0.96,478,507,513,245.07,233.46,11.6,0,0,31.8,227.32,220.01,7.31,222.11
2025-06-24,Tuesday,Lunch,"Rajma, Rice, Salad",500,10,0.88,9,0.98,489,498,472,203.3,189.04,14.27,0,0,32.6,214.46,207.23,7.23,209.8
2025-06-24,Tuesday,Snacks,Fruit Chaat,500,14,0.85,12,0.91,456,468,440,70.96,65.8,5.16,0,0,30.0,60.69,58.12,2.57,58.37
2025-06-25,Wednesday,Breakfast,"Upma, Coffee",500,14,0.95,13,0.81,407,420,430,111.22,106.67,4.55,0,0,31.7,98.86,91.07,7.79,94.23
2025-06-25,Wednesday,Dinner,"Paneer Curry, Roti, Rice",500,9,0.91,8,0.93,464,472,507,227.32,220.01,7.31,0,0,37.5,215.88,205.69,10.19,210.33
2025-06-25,Wednesday,Lunch,"Dal, Rice, Roti, Mixed Veg",500,15,0.96,14,0.93,463,477,498,214.46,207.23,7.23,0,0,31.1,219.84,208.51,11.33,206.17
2025-06-25,Wednesday,Snacks,"Pakora, Tea",500,16,0.92,15,0.86,428,443,468,60.69,58.12,2.57,0,0,29.2,69.75,64.34,5.41,67.27
2025-06-26,Thursday,Breakfast,"Idli, Sambar, Chutney",500,14,0.91,13,0.91,456,469,420,98.86,91.07,7.79,0,0,34.3,126.78,120.21,6.56,119.41
2025-06-26,Thursday,Dinner,"Khichdi, Papad",500,23,0.84,19,0.89,445,464,472,215.88,205.69,10.19,0,0,31.7,188.97,178.42,10.55,183.85
2025-06-26,Thursday,Lunch,"Chole, Roti, Curd",500,20,0.96,19,0.96,478,497,477,219.84,208.51,11.33,0,0,39.9,205.33,193.43,11.9,199.13
2025-06-26,Thursday,Snacks,"Pakora, Tea",500,16,0.89,14,0.85,426,440,443,69.75,64.34,5.41,0,0,34.2,68.09,62.5,5.6,64.75
2025-06-27,Friday,Breakfast,"Idli, Sambar, Chutney",500,8,0.92,7,0.86,428,435,469,126.78,120.21,6.56,0,0,32.1,115.05,109.33,5.71,110.77
2025-06-27,Friday,Dinner,"Veg Biryani, Raita",500,34,0.82,28,0.9,449,477,464,188.97,178.42,10.55,0,0,37.1,215.94,202.84,13.1,204.8
2025-06-27,Friday,Lunch,"Dal, Rice, Roti, Mixed Veg",500,10,0.86,9,0.93,465,474,497,205.33,193.43,11.9,0,0,36.4,218.95,205.34,13.61,209.18
2025-06-27,Friday,Snacks,"Sandwich, Juice",500,11,0.87,10,0.93,464,474,440,68.09,62.5,5.6,0,0,34.4,65.31,59.91,5.4,63.78
2025-06-28,Saturday,Breakfast,"Bread Omelette, Milk",500,18,0.84,15,0.83,414,429,435,115.05,109.33,5.71,0,0,36.5,123.76,115.73,8.04,115.37
2025-06-28,Saturday,Dinner,"Paneer Curry, Roti, Rice",500,14,0.89,12,0.85,424,436,477,215.94,202.84,13.1,0,0,34.8,199.05,193.28,5.77,193.79
2025-06-28,Saturday,Lunch,"Sambar Rice, Papad",500,5,0.9,5,0.89,443,448,474,218.95,205.34,13.61,0,0,34.2,199.0,187.06,11.93,185.91
2025-06-28,Saturday,Snacks,"Pakora, Tea",500,24,0.9,22,0.84,418,440,474,65.31,59.91,5.4,0,0,32.5,67.07,60.99,6.08,64.6
2025-06-29,Sunday,Breakfast,"Idli, Sambar, Chutney",500,2,0.89,2,0.78,388,390,429,123.76,115.73,8.04,0,0,35.4,107.3,95.15,12.15,101.42
2025-06-29,Sunday,Dinner,"Veg Biryani, Raita",500,37,0.94,35,0.88,438,473,436,199.05,193.28,5.77,0,0,32.3,213.81,203.07,10.75,203.63
2025-06-29,Sunday,Lunch,"Rajma, Rice, Salad",500,18,0.88,16,0.89,444,460,448,199.0,187.06,11.93,0,0,30.0,209.43,199.16,10.27,199.19
2025-06-29,Sunday,Snacks,Fruit Chaat,500,6,0.88,5,0.85,425,430,440,67.07,60.99,6.08,0,0,35.2,57.52,55.07,2.45,54.36
2025-06-30,Monday,Breakfast,"Idli, Sambar, Chutney",500,6,0.88,5,0.87,434,439,390,107.3,95.15,12.15,0,0,29.9,123.81,116.74,7.07,119.31
2025-06-30,Monday,Dinner,"Veg Biryani, Raita",500,6,0.94,6,0.91,457,463,473,213.81,203.07,10.75,0,0,34.5,210.86,203.42,7.45,205.67
2025-06-30,Monday,Lunch,"Chole, Roti, Curd",500,23,0.91,21,0.95,474,495,460,209.43,199.16,10.27,0,0,31.2,210.82,197.48,13.34,202.47
2025-06-30,Monday,Snacks,"Pakora, Tea",500,7,0.92,6,0.89,447,453,430,57.52,55.07,2.45,0,0,37.9,68.29,62.5,5.78,65.3
2025-07-01,Tuesday,Breakfast,"Upma, Coffee",500,11,0.85,9,0.91,454,463,439,123.81,116.74,7.07,0,0,35.4,116.35,110.01,6.34,110.62
2025-07-01,Tuesday,Dinner,"Paneer Curry, Roti, Rice",500,26,0.83,22,0.91,457,479,463,210.86,203.42,7.45,0,0,31.3,223.7,218.06,5.64,213.41
2025-07-01,Tuesday,Lunch,"Rajma, Rice, Salad",500,22,0.91,20,0.95,476,496,495,210.82,197.48,13.34,0,0,33.3,226.11,220.39,5.71,217.44
2025-07-01,Tuesday,Snacks,Fruit Chaat,500,8,0.98,8,0.91,454,462,453,68.29,62.5,5.78,0,0,33.9,63.16,59.83,3.34,60.11
2025-07-02,Wednesday,Breakfast,"Upma, Coffee",500,16,0.95,15,0.86,428,443,463,116.35,110.01,6.34,0,0,31.3,112.53,106.52,6.02,105.31
2025-07-02,Wednesday,Dinner,"Paneer Curry, Roti, Rice",500,28,0.82,23,0.94,472,495,479,223.7,218.06,5.64,0,0,37.9,238.42,228.07,10.34,229.23
2025-07-02,Wednesday,Lunch,"Dal, Rice, Roti, Mixed Veg",500,20,0.96,19,0.9,448,467,496,226.11,220.39,5.71,0,0,31.5,216.85,207.73,9.12,202.4
2025-07-02,Wednesday,Snacks,"Pakora, Tea",500,13,0.87,11,0.86,432,443,462,63.16,59.83,3.34,0,0,29.6,69.39,64.09,5.3,64.99
2025-07-03,Thursday,Breakfast,"Idli, Sambar, Chutney",500,4,0.92,4,0.86,430,434,443,112.53,106.52,6.02,0,0,32.9,118.65,110.66,7.99,114.34
2025-07-03,Thursday,Dinner,"Khichdi, Papad",500,10,0.87,9,0.95,474,483,495,238.42,228.07,10.34,0,0,31.7,195.18,184.3,10.87,189.96
2025-07-03,Thursday,Lunch,"Chole, Roti, Curd",500,8,0.87,7,0.89,445,452,467,216.85,207.73,9.12,0,0,35.5,202.31,187.5,14.81,189.63
2025-07-03,Thursday,Snacks,"Pakora, Tea",500,15,0.91,14,0.82,410,424,443,69.39,64.09,5.3,0,0,31.5,65.95,59.9,6.05,62.08
2025-07-04,Friday,Breakfast,"Idli, Sambar, Chutney",500,15,0.95,14,0.86,429,443,434,118.65,110.66,7.99,0,0,30.8,124.34,118.42,5.92,117.86
2025-07-04,Friday,Dinner,"Veg Biryani, Raita",500,35,0.88,31,0.91,454,485,483,195.18,184.3,10.87,0,0,34.2,216.95,207.88,9.07,205.07
2025-07-04,Friday,Lunch,"Dal, Rice, Roti, Mixed Veg",500,6,0.96,6,0.93,464,470,452,202.31,187.5,14.81,0,0,31.7,212.17,204.13,8.03,200.77
2025-07-04,Friday,Snacks,"Sandwich, Juice",500,19,0.84,16,0.91,456,472,424,65.95,59.9,6.05,0,0,32.1,68.96,63.82,5.15,65.12
2025-07-05,Saturday,Breakfast,"Bread Omelette, Milk",500,2,0.92,2,0.85,426,428,443,124.34,118.42,5.92,0,0,32.9,111.98,105.84,6.15,109.49
2025-07-05,Saturday,Dinner,"Paneer Curry, Roti, Rice",500,37,0.98,36,0.84,422,458,485,216.95,207.88,9.07,0,0,36.7,213.9,201.3,12.6,207.52
2025-07-05,Saturday,Lunch,"Sambar Rice, Papad",500,5,0.9,5,0.93,465,470,470,212.17,204.13,8.03,0,0,31.7,202.03,192.35,9.68,196.98
2025-07-05,Saturday,Snacks,"Pakora, Tea",500,19,0.89,17,0.84,422,439,472,68.96,63.82,5.15,0,0,32.7,66.51,61.08,5.43,65.2
2025-07-06,Sunday,Breakfast,"Idli, Sambar, Chutney",500,11,0.92,10,0.82,408,418,428,111.98,105.84,6.15,0,0,39.0,109.23,101.21,8.01,106.82
2025-07-06,Sunday,Dinner,"Veg Biryani, Raita",500,20,0.95,19,0.81,404,423,458,213.9,201.3,12.6,0,0,34.2,210.57,197.09,13.48,199.51
2025-07-06,Sunday,Lunch,"Rajma, Rice, Salad",500,12,0.86,10,0.87,437,447,470,202.03,192.35,9.68,0,0,33.1,206.72,193.92,12.81,194.57
2025-07-06,Sunday,Snacks,Fruit Chaat,500,23,0.98,22,0.86,428,450,439,66.51,61.08,5.43,0,0,36.3,60.78,57.25,3.52,57.69
2025-07-07,Monday,Breakfast,"Idli, Sambar, Chutney",500,7,0.89,6,0.85,427,433,418,109.23,101.21,8.01,0,0,36.0,117.76,109.95,7.82,111.33
2025-07-07,Monday,Dinner,"Veg Biryani, Raita",500,14,0.92,13,0.9,448,461,423,210.57,197.09,13.48,0,0,36.5,207.94,195.71,12.23,201.7
2025-07-07,Monday,Lunch,"Chole, Roti, Curd",500,15,0.91,14,0.94,472,486,447,206.72,193.92,12.81,0,0,33.4,202.17,195.46,6.71,196.03
2025-07-07,Monday,Snacks,"Pakora, Tea",500,16,0.92,15,0.88,439,454,450,60.78,57.25,3.52,0,0,31.1,73.15,67.81,5.35,69.21
2025-07-08,Tuesday,Breakfast,"Upma, Coffee",500,16,0.84,13,0.82,412,425,433,117.76,109.95,7.82,0,0,33.5,105.33,97.2,8.13,101.19
2025-07-08,Tuesday,Dinner,"Paneer Curry, Roti, Rice",500,35,0.91,32,0.98,490,522,461,207.94,195.71,12.23,0,0,31.4,239.94,228.91,11.02,231.72
2025-07-08,Tuesday,Lunch,"Rajma, Rice, Salad",500,14,0.86,12,0.91,456,468,486,202.17,195.46,6.71,0,0,33.7,213.01,203.86,9.15,205.73
2025-07-08,Tuesday,Snacks,Fruit Chaat,500,8,0.95,8,0.87,437,445,454,73.15,67.81,5.35,0,0,35.2,59.62,55.2,4.42,57.81
2025-07-09,Wednesday,Breakfast,"Upma, Coffee",500,5,0.9,5,0.85,426,431,425,105.33,97.2,8.13,0,0,39.8,98.73,92.7,6.02,96.75
2025-07-09,Wednesday,Dinner,"Paneer Curry, Roti, Rice",500,13,0.92,12,0.94,468,480,522,239.94,228.91,11.02,0,0,36.1,222.44,213.55,8.9,212.83
2025-07-09,Wednesday,Lunch,"Dal, Rice, Roti, Mixed Veg",500,11,0.89,10,0.9,452,462,468,213.01,203.86,9.15,0,0,36.4,207.5,194.01,13.49,197.61
2025-07-09,Wednesday,Snacks,"Pakora, Tea",500,15,0.93,14,0.88,442,456,445,59.62,55.2,4.42,0,0,35.9,69.74,65.9,3.85,66.87
2025-07-10,Thursday,Breakfast,"Idli, Sambar, Chutney",500,17,0.89,15,0.83,417,432,431,98.73,92.7,6.02,0,0,36.4,115.74,107.45,8.3,108.51
2025-07-10,Thursday,Dinner,"Khichdi, Papad",500,25,0.95,24,0.86,432,456,480,222.44,213.55,8.9,0,0,32.4,185.17,173.68,11.49,173.7
2025-07-10,Thursday,Lunch,"Chole, Roti, Curd",500,8,0.92,7,0.9,450,457,462,207.5,194.01,13.49,0,0,26.7,201.66,194.36,7.29,190.15
2025-07-10,Thursday,Snacks,"Pakora, Tea",500,8,0.87,7,0.88,440,447,456,69.74,65.9,3.85,0,0,39.8,71.1,65.61,5.49,67.21
2025-07-11,Friday,Breakfast,"Idli, Sambar, Chutney",500,2,0.94,2,0.85,426,428,432,115.74,107.45,8.3,0,0,31.5,115.03,109.74,5.28,111.76
2025-07-11,Friday,Dinner,"Veg Biryani, Raita",500,29,0.92,27,0.91,456,483,456,185.17,173.68,11.49,0,0,39.5,210.59,202.48,8.11,203.94
2025-07-11,Friday,Lunch,"Dal, Rice, Roti, Mixed Veg",500,6,0.86,5,0.93,465,470,457,201.66,194.36,7.29,0,0,32.2,203.87,190.03,13.84,194.01
2025-07-11,Friday,Snacks,"Sandwich, Juice",500,3,0.93,3,0.89,446,449,447,71.1,65.61,5.49,0,0,32.9,62.99,58.85,4.14,59.89
2025-07-12,Saturday,Breakfast,"Bread Omelette, Milk",500,8,0.95,8,0.85,423,431,428,115.03,109.74,5.28,0,0,31.2,121.42,113.19,8.22,115.31
2025-07-12,Saturday,Dinner,"Paneer Curry, Roti, Rice",500,36,0.92,33,0.9,449,482,483,210.59,202.48,8.11,0,0,29.4,218.07,206.78,11.3,206.71
2025-07-12,Saturday,Lunch,"Sambar Rice, Papad",500,26,0.88,23,0.87,434,457,470,203.87,190.03,13.84,0,0,34.2,201.17,192.17,9.01,188.43
2025-07-12,Saturday,Snacks,"Pakora, Tea",500,7,0.88,6,0.87,434,440,449,62.99,58.85,4.14,0,0,32.9,65.82,62.75,3.07,64.08
2025-07-13,Sunday,Breakfast,"Idli, Sambar, Chutney",500,20,0.96,19,0.84,419,438,431,121.42,113.19,8.22,0,0,29.8,121.83,113.48,8.35,117.01
2025-07-13,Sunday,Dinner,"Veg Biryani, Raita",500,36,0.87,31,0.86,428,459,482,218.07,206.78,11.3,0,0,33.4,208.59,199.18,9.41,194.76
2025-07-13,Sunday,Lunch,"Rajma, Rice, Salad",500,29,0.94,27,0.86,432,459,457,201.17,192.17,9.01,0,0,27.2,201.09,187.82,13.27,196.03
2025-07-13,Sunday,Snacks,Fruit Chaat,500,23,0.86,20,0.8,401,421,440,65.82,62.75,3.07,0,0,32.4,53.12,49.39,3.74,51.76
2025-07-14,Monday,Breakfast,"Idli, Sambar, Chutney",500,13,0.89,12,0.89,444,456,438,121.83,113.48,8.35,0,0,31.3,125.56,118.22,7.33,120.39
2025-07-14,Monday,Dinner,"Veg Biryani, Raita",500,34,0.89,30,0.92,460,490,459,208.59,199.18,9.41,0,0,34.7,220.87,211.28,9.59,214.79
2025-07-14,Monday,Lunch,"Chole, Roti, Curd",500,26,0.94,24,0.97,486,510,459,201.09,187.82,13.27,0,0,37.8,213.69,204.46,9.24,206.01
2025-07-14,Monday,Snacks,"Pakora, Tea",500,7,0.9,6,0.89,446,452,421,53.12,49.39,3.74,0,0,30.3,67.63,62.32,5.31,64.2
2025-07-15,Tuesday,Breakfast,"Upma, Coffee",500,17,0.89,15,0.88,440,455,456,125.56,118.22,7.33,0,0,35.5,116.52,109.3,7.21,112.52
2025-07-15,Tuesday,Dinner,"Paneer Curry, Roti, Rice",500,18,0.89,16,0.96,479,495,490,220.87,211.28,9.59,0,0,34.0,221.29,213.74,7.55,215.35
2025-07-15,Tuesday,Lunch,"Rajma, Rice, Salad",500,23,0.93,21,0.92,458,479,510,213.69,204.46,9.24,0,0,31.9,211.51,199.7,11.81,203.3
2025-07-15,Tuesday,Snacks,Fruit Chaat,500,2,0.98,2,0.94,471,473,452,67.63,62.32,5.31,0,0,30.9,60.52,56.87,3.65,57.86
2025-07-16,Wednesday,Breakfast,"Upma, Coffee",500,14,0.82,11,0.87,433,444,455,116.52,109.3,7.21,0,0,34.2,111.75,104.55,7.2,105.37
2025-07-16,Wednesday,Dinner,"Paneer Curry, Roti, Rice",500,22,0.87,19,0.86,430,449,495,221.29,213.74,7.55,0,0,36.6,217.98,206.31,11.67,204.51
2025-07-16,Wednesday,Lunch,"Dal, Rice, Roti, Mixed Veg",500,21,0.94,20,0.87,436,456,479,211.51,199.7,11.81,0,0,31.9,202.23,193.73,8.51,197.96
2025-07-16,Wednesday,Snacks,"Pakora, Tea",500,10,0.79,8,0.86,428,436,473,60.52,56.87,3.65,0,0,36.6,65.36,59.99,5.36,62.01
2025-07-17,Thursday,Breakfast,"Idli, Sambar, Chutney",500,16,0.86,14,0.88,440,454,444,111.75,104.55,7.2,0,0,34.3,128.83,122.44,6.39,120.14
2025-07-17,Thursday,Dinner,"Khichdi, Papad",500,34,0.91,31,0.97,486,517,449,217.98,206.31,11.67,0,0,34.2,197.52,188.43,9.09,190.61
2025-07-17,Thursday,Lunch,"Chole, Roti, Curd",500,9,0.86,8,0.93,465,473,456,202.23,193.73,8.51,0,0,33.0,198.35,188.88,9.47,187.08
2025-07-17,Thursday,Snacks,"Pakora, Tea",500,20,0.84,17,0.88,440,457,436,65.36,59.99,5.36,0,0,30.7,69.41,64.3,5.11,66.41
2025-07-18,Friday,Breakfast,"Idli, Sambar, Chutney",500,18,0.82,15,0.91,457,472,454,128.83,122.44,6.39,0,0,28.5,130.15,123.72,6.43,122.65
2025-07-18,Friday,Dinner,"Veg Biryani, Raita",500,31,0.91,28,0.94,468,496,517,197.52,188.43,9.09,0,0,34.1,222.63,213.95,8.69,210.64
2025-07-18,Friday,Lunch,"Dal, Rice, Roti, Mixed Veg",500,22,0.92,20,0.9,450,470,473,198.35,188.88,9.47,0,0,34.1,210.08,201.63,8.45,198.79
2025-07-18,Friday,Snacks,"Sandwich, Juice",500,20,0.88,18,0.87,433,451,457,69.41,64.3,5.11,0,0,32.7,65.84,62.26,3.58,61.93
2025-07-19,Saturday,Breakfast,"Bread Omelette, Milk",500,20,0.95,19,0.82,410,429,472,130.15,123.72,6.43,0,0,32.8,124.25,116.34,7.91,116.09
2025-07-19,Saturday,Dinner,"Paneer Curry, Roti, Rice",500,12,0.91,11,0.85,426,437,496,222.63,213.95,8.69,0,0,37.7,206.59,191.27,15.32,201.16
2025-07-19,Saturday,Lunch,"Sambar Rice, Papad",500,19,0.86,16,0.87,433,449,470,210.08,201.63,8.45,0,0,37.7,180.79,164.25,16.54,176.62
2025-07-19,Saturday,Snacks,"Pakora, Tea",500,11,0.95,10,0.81,404,414,451,65.84,62.26,3.58,0,0,30.5,64.7,57.13,7.58,60.31
2025-07-20,Sunday,Breakfast,"Idli, Sambar, Chutney",500,11,0.91,10,0.81,406,416,429,124.25,116.34,7.91,0,0,30.1,116.14,107.21,8.94,108.29
2025-07-20,Sunday,Dinner,"Veg Biryani, Raita",500,12,0.86,10,0.86,432,442,437,206.59,191.27,15.32,0,0,30.4,208.76,198.62,10.13,194.57
2025-07-20,Sunday,Lunch,"Rajma, Rice, Salad",500,29,0.93,27,0.88,442,469,449,180.79,164.25,16.54,0,0,33.9,209.95,191.25,18.7,199.31
2025-07-20,Sunday,Snacks,Fruit Chaat,500,8,0.92,7,0.85,427,434,414,64.7,57.13,7.58,0,0,29.7,60.37,56.08,4.29,57.82
2025-07-21,Monday,Breakfast,"Idli, Sambar, Chutney",500,5,0.92,5,0.88,442,447,416,116.14,107.21,8.94,0,0,32.3,121.51,116.33,5.18,115.65
2025-07-21,Monday,Dinner,"Veg Biryani, Raita",500,5,0.86,4,0.9,448,452,442,208.76,198.62,10.13,0,0,33.6,210.86,199.68,11.19,203.84
2025-07-21,Monday,Lunch,"Chole, Roti, Curd",500,20,0.91,18,0.91,456,474,469,209.95,191.25,18.7,0,0,36.1,200.3,187.9,12.4,192.55
2025-07-21,Monday,Snacks,"Pakora, Tea",500,15,0.88,13,0.89,444,457,434,60.37,56.08,4.29,0,0,36.4,70.04,65.98,4.05,66.73
2025-07-22,Tuesday,Breakfast,"Upma, Coffee",500,11,0.85,9,0.86,429,438,447,121.51,116.33,5.18,0,0,33.9,113.65,108.73,4.92,105.79
2025-07-22,Tuesday,Dinner,"Paneer Curry, Roti, Rice",500,24,0.79,19,0.94,468,487,452,210.86,199.68,11.19,0,0,34.9,224.71,211.84,12.86,214.87
2025-07-22,Tuesday,Lunch,"Rajma, Rice, Salad",500,18,0.92,17,0.95,473,490,474,200.3,187.9,12.4,0,0,30.9,206.26,196.84,9.42,196.37
2025-07-22,Tuesday,Snacks,Fruit Chaat,500,5,0.88,4,0.87,433,437,457,70.04,65.98,4.05,0,0,30.9,58.78,55.49,3.29,57.19
2025-07-23,Wednesday,Breakfast,"Upma, Coffee",500,8,0.81,7,0.91,454,461,438,113.65,108.73,4.92,0,0,34.8,109.42,102.71,6.71,105.7
2025-07-23,Wednesday,Dinner,"Paneer Curry, Roti, Rice",500,10,0.93,9,0.93,466,475,487,224.71,211.84,12.86,0,0,31.1,229.32,221.43,7.89,213.71
2025-07-23,Wednesday,Lunch,"Dal, Rice, Roti, Mixed Veg",500,11,0.92,10,0.95,474,484,490,206.26,196.84,9.42,0,0,34.3,223.11,210.81,12.3,208.1
2025-07-23,Wednesday,Snacks,"Pakora, Tea",500,12,0.89,11,0.84,422,433,437,58.78,55.49,3.29,0,0,31.4,71.84,66.89,4.94,66.99
2025-07-24,Thursday,Breakfast,"Idli, Sambar, Chutney",500,11,0.8,9,0.85,424,433,461,109.42,102.71,6.71,0,0,33.6,117.07,110.44,6.62,114.24
2025-07-24,Thursday,Dinner,"Khichdi, Papad",500,21,0.98,21,0.88,441,462,475,229.32,221.43,7.89,0,0,32.3,193.09,185.24,7.84,182.35
2025-07-24,Thursday,Lunch,"Chole, Roti, Curd",500,19,0.98,19,0.92,462,481,484,223.11,210.81,12.3,0,0,33.9,210.5,203.89,6.61,201.88
2025-07-24,Thursday,Snacks,"Pakora, Tea",500,20,0.94,19,0.86,432,451,433,71.84,66.89,4.94,0,0,34.2,68.41,63.26,5.16,65.91
2025-07-25,Friday,Breakfast,"Idli, Sambar, Chutney",500,12,0.86,10,0.82,410,420,433,117.07,110.44,6.62,0,0,31.8,117.65,111.5,6.16,110.41
2025-07-25,Friday,Dinner,"Veg Biryani, Raita",500,26,0.9,23,0.88,441,464,462,193.09,185.24,7.84,0,0,34.4,207.29,197.28,10.01,201.86
2025-07-25,Friday,Lunch,"Dal, Rice, Roti, Mixed Veg",500,19,0.98,19,0.9,452,471,481,210.5,203.89,6.61,0,0,34.6,217.19,207.16,10.03,205.28
2025-07-25,Friday,Snacks,"Sandwich, Juice",500,3,0.95,3,0.88,439,442,451,68.41,63.26,5.16,0,0,35.4,60.21,57.24,2.97,57.07
2025-07-26,Saturday,Breakfast,"Bread Omelette, Milk",500,8,0.87,7,0.82,410,417,420,117.65,111.5,6.16,0,0,32.1,114.73,106.28,8.45,107.74
2025-07-26,Saturday,Dinner,"Paneer Curry, Roti, Rice",500,7,0.86,6,0.83,414,420,464,207.29,197.28,10.01,0,0,34.1,204.27,193.45,10.82,193.38
2025-07-26,Saturday,Lunch,"Sambar Rice, Papad",500,14,0.88,12,0.89,443,455,471,217.19,207.16,10.03,0,0,39.5,199.0,190.29,8.71,185.33
2025-07-26,Saturday,Snacks,"Pakora, Tea",500,5,0.94,5,0.85,426,431,442,60.21,57.24,2.97,0,0,32.1,62.84,57.84,5.0,61.4
2025-07-27,Sunday,Breakfast,"Idli, Sambar, Chutney",500,18,0.96,17,0.82,410,427,417,114.73,106.28,8.45,0,0,29.2,114.68,105.49,9.19,110.69
2025-07-27,Sunday,Dinner,"Veg Biryani, Raita",500,29,0.93,27,0.8,402,429,420,204.27,193.45,10.82,0,0,34.7,193.69,177.74,15.95,182.01
2025-07-27,Sunday,Lunch,"Rajma, Rice, Salad",500,11,0.89,10,0.86,430,440,455,199.0,190.29,8.71,0,0,30.9,187.49,173.67,13.83,183.57
2025-07-27,Sunday,Snacks,Fruit Chaat,500,5,0.88,4,0.85,427,431,431,62.84,57.84,5.0,0,0,34.1,58.27,54.98,3.29,56.81
2025-07-28,Monday,Breakfast,"Idli, Sambar, Chutney",500,4,0.94,4,0.86,431,435,427,114.68,105.49,9.19,0,0,28.4,112.25,105.69,6.57,109.32
2025-07-28,Monday,Dinner,"Veg Biryani, Raita",500,25,0.86,22,0.93,464,486,429,193.69,177.74,15.95,0,0,35.6,225.42,214.72,10.7,212.75
2025-07-28,Monday,Lunch,"Chole, Roti, Curd",500,10,0.87,9,0.94,470,479,440,187.49,173.67,13.83,0,0,32.8,198.61,186.76,11.85,190.85
2025-07-28,Monday,Snacks,"Pakora, Tea",500,8,0.93,7,0.86,428,435,431,58.27,54.98,3.29,0,0,28.0,67.48,62.69,4.78,65.07
2025-07-29,Tuesday,Breakfast,"Upma, Coffee",500,12,0.93,11,0.84,419,430,435,112.25,105.69,6.57,0,0,33.2,102.94,96.06,6.88,97.01
2025-07-29,Tuesday,Dinner,"Paneer Curry, Roti, Rice",500,26,0.87,23,0.91,456,479,486,225.42,214.72,10.7,0,0,33.7,223.63,212.05,11.57,219.22
2025-07-29,Tuesday,Lunch,"Rajma, Rice, Salad",500,14,0.89,13,0.94,472,485,479,198.61,186.76,11.85,0,0,26.9,213.27,201.2,12.07,208.42
2025-07-29,Tuesday,Snacks,Fruit Chaat,500,18,0.88,16,0.94,471,487,435,67.48,62.69,4.78,0,0,28.6,66.03,63.08,2.95,61.69
2025-07-30,Wednesday,Breakfast,"Upma, Coffee",500,13,0.95,12,0.89,446,458,430,102.94,96.06,6.88,0,0,31.2,120.11,113.14,6.97,113.94
2025-07-30,Wednesday,Dinner,"Paneer Curry, Roti, Rice",500,16,0.94,15,0.92,460,475,479,223.63,212.05,11.57,0,0,34.7,214.05,202.38,11.67,209.05
2025-07-30,Wednesday,Lunch,"Dal, Rice, Roti, Mixed Veg",500,12,0.87,10,0.96,480,490,485,213.27,201.2,12.07,0,0,29.6,227.0,215.68,11.32,218.86
2025-07-30,Wednesday,Snacks,"Pakora, Tea",500,8,0.93,7,0.86,430,437,487,66.03,63.08,2.95,0,0,30.3,69.75,63.83,5.92,66.89
2025-07-31,Thursday,Breakfast,"Idli, Sambar, Chutney",500,15,0.92,14,0.88,440,454,458,120.11,113.14,6.97,0,0,30.9,118.74,111.82,6.93,115.35
2025-07-31,Thursday,Dinner,"Khichdi, Papad",500,19,0.87,16,0.95,474,490,475,214.05,202.38,11.67,0,0,30.8,203.46,193.21,10.26,190.72
2025-07-31,Thursday,Lunch,"Chole, Roti, Curd",500,14,0.83,12,0.92,462,474,490,227.0,215.68,11.32,0,0,29.4,195.2,185.94,9.26,190.54
2025-07-31,Thursday,Snacks,"Pakora, Tea",500,16,0.9,14,0.94,468,482,437,69.75,63.83,5.92,0,0,36.8,76.85,72.46,4.39,73.14
2025-08-01,Friday,Breakfast,"Idli, Sambar, Chutney",500,6,0.9,5,0.88,439,444,454,118.74,111.82,6.93,0,0,28.2,121.72,114.0,7.72,113.88
2025-08-01,Friday,Dinner,"Veg Biryani, Raita",500,8,0.9,7,0.94,472,479,490,203.46,193.21,10.26,0,0,29.1,231.89,225.9,5.99,225.95
2025-08-01,Friday,Lunch,"Dal, Rice, Roti, Mixed Veg",500,21,0.83,17,0.97,484,501,474,195.2,185.94,9.26,0,0,25.9,237.86,226.12,11.74,231.71
2025-08-01,Friday,Snacks,"Sandwich, Juice",500,12,0.84,10,0.92,460,470,482,76.85,72.46,4.39,0,0,34.2,67.77,63.91,3.86,63.76
2025-08-02,Saturday,Breakfast,"Bread Omelette, Milk",500,17,0.98,17,0.82,408,425,444,121.72,114.0,7.72,0,0,33.2,115.33,107.36,7.97,109.11
2025-08-02,Saturday,Dinner,"Paneer Curry, Roti, Rice",500,7,0.96,7,0.87,436,443,479,231.89,225.9,5.99,0,0,31.1,210.56,196.72,13.84,200.96
2025-08-02,Saturday,Lunch,"Sambar Rice, Papad",500,30,0.97,29,0.85,423,452,501,237.86,226.12,11.74,0,0,31.8,195.5,183.54,11.96,188.61
2025-08-02,Saturday,Snacks,"Pakora, Tea",500,19,0.87,16,0.84,420,436,470,67.77,63.91,3.86,0,0,34.0,68.84,62.41,6.44,65.3
2025-08-03,Sunday,Breakfast,"Idli, Sambar, Chutney",500,5,0.94,5,0.86,432,437,425,115.33,107.36,7.97,0,0,33.6,120.72,116.66,4.06,117.21
2025-08-03,Sunday,Dinner,"Veg Biryani, Raita",500,40,0.84,33,0.87,436,469,443,210.56,196.72,13.84,0,0,31.1,224.1,210.85,13.24,213.52
2025-08-03,Sunday,Lunch,"Rajma, Rice, Salad",500,10,0.9,9,0.87,433,442,452,195.5,183.54,11.96,0,0,29.4,192.89,183.83,9.07,187.51
2025-08-03,Sunday,Snacks,Fruit Chaat,500,5,0.88,4,0.85,426,430,436,68.84,62.41,6.44,0,0,28.4,56.43,53.19,3.24,54.07
2025-08-04,Monday,Breakfast,"Idli, Sambar, Chutney",500,15,0.9,13,0.86,430,443,437,120.72,116.66,4.06,0,0,31.5,119.74,110.61,9.13,112.93
2025-08-04,Monday,Dinner,"Veg Biryani, Raita",500,18,0.86,15,0.94,470,485,469,224.1,210.85,13.24,0,0,33.2,220.96,205.33,15.62,208.52
2025-08-04,Monday,Lunch,"Chole, Roti, Curd",500,8,0.93,7,0.97,483,490,442,192.89,183.83,9.07,0,0,34.5,202.31,198.67,3.64,198.22
2025-08-04,Monday,Snacks,"Pakora, Tea",500,13,0.89,12,0.87,434,446,430,56.43,53.19,3.24,0,0,27.1,69.19,62.79,6.4,66.19
2025-08-05,Tuesday,Breakfast,"Upma, Coffee",500,4,0.93,4,0.85,426,430,443,119.74,110.61,9.13,0,0,32.4,108.31,100.05,8.26,101.36
2025-08-05,Tuesday,Dinner,"Paneer Curry, Roti, Rice",500,35,0.92,32,0.93,466,498,485,220.96,205.33,15.62,0,0,28.7,230.11,217.23,12.88,216.22
2025-08-05,Tuesday,Lunch,"Rajma, Rice, Salad",500,25,0.91,23,0.91,456,479,490,202.31,198.67,3.64,0,0,32.6,208.32,199.0,9.32,198.37
2025-08-05,Tuesday,Snacks,Fruit Chaat,500,2,0.84,2,0.94,472,474,446,69.19,62.79,6.4,0,0,33.5,58.59,56.72,1.87,56.82
2025-08-06,Wednesday,Breakfast,"Upma, Coffee",500,15,0.93,14,0.85,426,440,430,108.31,100.05,8.26,0,0,31.6,108.68,101.43,7.25,101.25
2025-08-06,Wednesday,Dinner,"Paneer Curry, Roti, Rice",500,30,0.97,29,0.93,466,495,498,230.11,217.23,12.88,0,0,28.5,225.46,213.16,12.31,217.82
2025-08-06,Wednesday,Lunch,"Dal, Rice, Roti, Mixed Veg",500,21,0.91,19,0.94,468,487,479,208.32,199.0,9.32,0,0,31.2,219.32,208.87,10.45,211.45
2025-08-06,Wednesday,Snacks,"Pakora, Tea",500,5,0.88,4,0.9,451,455,474,58.59,56.72,1.87,0,0,30.6,72.38,66.44,5.94,69.16
2025-08-07,Thursday,Breakfast,"Idli, Sambar, Chutney",500,18,0.88,16,0.87,434,450,440,108.68,101.43,7.25,0,0,30.7,123.19,118.83,4.36,118.19
2025-08-07,Thursday,Dinner,"Khichdi, Papad",500,21,0.9,19,0.93,464,483,495,225.46,213.16,12.31,0,0,30.0,195.75,184.11,11.64,182.22
2025-08-07,Thursday,Lunch,"Chole, Roti, Curd",500,22,0.82,18,0.88,442,460,487,219.32,208.87,10.45,0,0,33.7,199.18,190.86,8.32,193.35
2025-08-07,Thursday,Snacks,"Pakora, Tea",500,9,0.89,8,0.89,446,454,455,72.38,66.44,5.94,0,0,31.4,70.97,67.85,3.11,68.35
2025-08-08,Friday,Breakfast,"Idli, Sambar, Chutney",500,5,0.84,4,0.88,440,444,450,123.19,118.83,4.36,0,0,27.5,118.82,113.1,5.72,113.69
2025-08-08,Friday,Dinner,"Veg Biryani, Raita",500,22,0.88,19,0.94,468,487,483,195.75,184.11,11.64,0,0,28.4,214.04,202.64,11.41,208.73
2025-08-08,Friday,Lunch,"Dal, Rice, Roti, Mixed Veg",500,20,0.94,19,0.95,474,493,460,199.18,190.86,8.32,0,0,32.2,222.54,210.48,12.05,214.19
2025-08-08,Friday,Snacks,"Sandwich, Juice",500,10,0.92,9,0.9,450,459,454,70.97,67.85,3.11,0,0,30.4,64.19,62.12,2.07,61.45
2025-08-09,Saturday,Breakfast,"Bread Omelette, Milk",500,19,0.86,16,0.79,397,413,444,118.82,113.1,5.72,0,0,31.9,111.49,105.09,6.4,105.64
2025-08-09,Saturday,Dinner,"Paneer Curry, Roti, Rice",500,32,0.92,29,0.92,458,487,487,214.04,202.64,11.41,0,0,30.8,233.96,221.91,12.05,221.82
2025-08-09,Saturday,Lunch,"Sambar Rice, Papad",500,16,0.9,14,0.86,431,445,493,222.54,210.48,12.05,0,0,32.0,193.76,184.13,9.63,186.8
2025-08-09,Saturday,Snacks,"Pakora, Tea",500,4,0.98,4,0.85,425,429,459,64.19,62.12,2.07,0,0,32.7,67.95,62.78,5.17,65.16
2025-08-10,Sunday,Breakfast,"Idli, Sambar, Chutney",500,2,0.87,2,0.85,424,426,413,111.49,105.09,6.4,0,0,31.8,116.96,109.82,7.14,112.18
2025-08-10,Sunday,Dinner,"Veg Biryani, Raita",500,42,0.94,39,0.86,430,469,487,233.96,221.91,12.05,0,0,27.0,217.04,205.88,11.16,209.01
2025-08-10,Sunday,Lunch,"Rajma, Rice, Salad",500,14,0.9,13,0.86,431,444,445,193.76,184.13,9.63,0,0,32.3,193.57,181.71,11.85,187.12
2025-08-10,Sunday,Snacks,Fruit Chaat,500,18,0.93,17,0.8,401,418,429,67.95,62.78,5.17,0,0,36.0,57.24,53.0,4.24,54.24
2025-08-11,Monday,Breakfast,"Idli, Sambar, Chutney",500,5,0.94,5,0.84,420,425,426,116.96,109.82,7.14,0,0,32.1,115.79,109.11,6.68,111.41
2025-08-11,Monday,Dinner,"Veg Biryani, Raita",500,13,0.92,12,0.93,465,477,469,217.04,205.88,11.16,0,0,34.7,227.57,220.44,7.13,214.63
2025-08-11,Monday,Lunch,"Chole, Roti, Curd",500,26,0.9,23,0.95,475,498,444,193.57,181.71,11.85,0,0,32.3,214.11,208.74,5.36,204.07
2025-08-11,Monday,Snacks,"Pakora, Tea",500,20,0.98,20,0.87,436,456,418,57.24,53.0,4.24,0,0,34.7,69.62,64.39,5.23,66.57
2025-08-12,Tuesday,Breakfast,"Upma, Coffee",500,17,0.89,15,0.86,431,446,425,115.79,109.11,6.68,0,0,32.3,119.17,109.99,9.18,113.43
2025-08-12,Tuesday,Dinner,"Paneer Curry, Roti, Rice",500,15,0.85,13,0.95,474,487,477,227.57,220.44,7.13,0,0,32.0,225.94,212.4,13.54,214.9
2025-08-12,Tuesday,Lunch,"Rajma, Rice, Salad",500,27,0.95,26,0.89,444,470,498,214.11,208.74,5.36,0,0,28.5,217.54,207.81,9.73,206.4
2025-08-12,Tuesday,Snacks,Fruit Chaat,500,13,0.91,12,0.88,442,454,456,69.62,64.39,5.23,0,0,29.9,62.92,60.64,2.27,60.62
2025-08-13,Wednesday,Breakfast,"Upma, Coffee",500,5,0.93,5,0.84,418,423,446,119.17,109.99,9.18,0,0,30.5,106.96,100.21,6.75,102.09
2025-08-13,Wednesday,Dinner,"Paneer Curry, Roti, Rice",500,27,0.88,24,0.91,456,480,487,225.94,212.4,13.54,0,0,28.3,228.63,214.1,14.53,221.6
2025-08-13,Wednesday,Lunch,"Dal, Rice, Roti, Mixed Veg",500,26,0.92,24,0.93,464,488,470,217.54,207.81,9.73,0,0,29.3,219.85,209.16,10.69,209.45
2025-08-13,Wednesday,Snacks,"Pakora, Tea",500,11,0.91,10,0.89,446,456,454,62.92,60.64,2.27,0,0,30.1,72.25,67.12,5.13,70.14
2025-08-14,Thursday,Breakfast,"Idli, Sambar, Chutney",500,17,0.91,15,0.88,442,457,423,106.96,100.21,6.75,0,0,31.4,127.87,120.39,7.48,121.75
2025-08-14,Thursday,Dinner,"Khichdi, Papad",500,10,0.84,8,0.91,456,464,480,228.63,214.1,14.53,0,0,28.2,190.99,178.68,12.31,184.21
2025-08-14,Thursday,Lunch,"Chole, Roti, Curd",500,7,0.86,6,0.94,469,475,488,219.85,209.16,10.69,0,0,31.2,206.3,200.7,5.6,192.35
2025-08-14,Thursday,Snacks,"Pakora, Tea",500,8,0.97,8,0.92,458,466,456,72.25,67.12,5.13,0,0,29.8,69.03,64.27,4.76,67.08
2025-08-15,Friday,Breakfast,"Idli, Sambar, Chutney",500,11,0.88,10,0.89,446,456,457,127.87,120.39,7.48,0,0,29.6,124.21,117.57,6.64,116.67
2025-08-15,Friday,Dinner,"Veg Biryani, Raita",500,32,0.87,28,0.9,448,476,464,190.99,178.68,12.31,0,0,29.2,216.4,204.59,11.8,208.47
2025-08-15,Friday,Lunch,"Dal, Rice, Roti, Mixed Veg",500,22,0.81,18,0.92,458,476,475,206.3,200.7,5.6,0,0,31.8,215.53,205.09,10.44,202.82
2025-08-15,Friday,Snacks,"Sandwich, Juice",500,17,0.9,15,0.92,460,475,466,69.03,64.27,4.76,0,0,31.5,69.32,64.0,5.32,67.16
2025-08-16,Saturday,Breakfast,"Bread Omelette, Milk",500,17,0.95,16,0.83,417,433,456,124.21,117.57,6.64,0,0,30.3,116.29,109.52,6.77,108.54
2025-08-16,Saturday,Dinner,"Paneer Curry, Roti, Rice",500,17,0.91,16,0.84,418,434,476,216.4,204.59,11.8,0,0,23.5,204.01,187.68,16.32,189.85
2025-08-16,Saturday,Lunch,"Sambar Rice, Papad",500,30,0.87,26,0.89,443,469,476,215.53,205.09,10.44,0,0,28.7,197.58,191.54,6.04,189.32
2025-08-16,Saturday,Snacks,"Pakora, Tea",500,18,0.98,18,0.86,430,448,475,69.32,64.0,5.32,0,0,33.5,72.25,66.21,6.04,68.88
2025-08-17,Sunday,Breakfast,"Idli, Sambar, Chutney",500,17,0.91,15,0.85,427,442,433,116.29,109.52,6.77,0,0,30.6,123.04,117.0,6.04,115.67
2025-08-17,Sunday,Dinner,"Veg Biryani, Raita",500,25,0.93,23,0.84,422,445,434,204.01,187.68,16.32,0,0,30.5,206.77,193.73,13.04,201.86
2025-08-17,Sunday,Lunch,"Rajma, Rice, Salad",500,22,0.9,20,0.88,438,458,469,197.58,191.54,6.04,0,0,29.3,206.53,196.43,10.1,200.38
2025-08-17,Sunday,Snacks,Fruit Chaat,500,23,0.9,21,0.86,430,451,448,72.25,66.21,6.04,0,0,33.8,57.25,52.47,4.79,53.84
2025-08-18,Monday,Breakfast,"Idli, Sambar, Chutney",500,17,0.88,15,0.86,432,447,442,123.04,117.0,6.04,0,0,30.9,119.71,113.58,6.13,116.2
2025-08-18,Monday,Dinner,"Veg Biryani, Raita",500,26,0.88,23,0.94,472,495,445,206.77,193.73,13.04,0,0,24.5,235.87,221.17,14.7,220.06
2025-08-18,Monday,Lunch,"Chole, Roti, Curd",500,17,0.88,15,0.94,470,485,458,206.53,196.43,10.1,0,0,30.9,205.77,196.2,9.57,201.53
2025-08-18,Monday,Snacks,"Pakora, Tea",500,19,0.88,17,0.91,453,470,451,57.25,52.47,4.79,0,0,33.5,73.4,69.54,3.87,69.65
2025-08-19,Tuesday,Breakfast,"Upma, Coffee",500,16,0.85,14,0.86,429,443,447,119.71,113.58,6.13,0,0,28.8,113.97,106.76,7.21,107.23
2025-08-19,Tuesday,Dinner,"Paneer Curry, Roti, Rice",500,12,0.85,10,0.85,426,436,495,235.87,221.17,14.7,0,0,29.2,195.9,184.39,11.51,190.62
2025-08-19,Tuesday,Lunch,"Rajma, Rice, Salad",500,25,0.97,24,0.92,458,482,485,205.77,196.2,9.57,0,0,32.3,220.41,213.49,6.92,211.43
2025-08-19,Tuesday,Snacks,Fruit Chaat,500,13,0.94,12,0.9,448,460,470,73.4,69.54,3.87,0,0,32.8,62.55,59.01,3.55,58.55
2025-08-20,Wednesday,Breakfast,"Upma, Coffee",500,6,0.95,6,0.9,450,456,443,113.97,106.76,7.21,0,0,32.3,116.63,111.63,4.99,110.95
2025-08-20,Wednesday,Dinner,"Paneer Curry, Roti, Rice",500,18,0.94,17,0.91,453,470,436,195.9,184.39,11.51,0,0,29.6,217.75,209.3,8.45,209.24
2025-08-20,Wednesday,Lunch,"Dal, Rice, Roti, Mixed Veg",500,16,0.9,14,0.92,460,474,482,220.41,213.49,6.92,0,0,34.6,210.49,200.04,10.45,205.99
2025-08-20,Wednesday,Snacks,"Pakora, Tea",500,5,0.94,5,0.89,444,449,460,62.55,59.01,3.55,0,0,28.1,73.36,68.19,5.17,71.2
2025-08-21,Thursday,Breakfast,"Idli, Sambar, Chutney",500,10,0.92,9,0.86,431,440,456,116.63,111.63,4.99,0,0,34.2,119.22,113.69,5.53,114.48
2025-08-21,Thursday,Dinner,"Khichdi, Papad",500,13,0.84,11,0.91,456,467,470,217.75,209.3,8.45,0,0,30.3,197.6,188.52,9.08,186.73
2025-08-21,Thursday,Lunch,"Chole, Roti, Curd",500,16,0.93,15,0.95,476,491,474,210.49,200.04,10.45,0,0,30.5,213.46,204.64,8.81,200.36
2025-08-21,Thursday,Snacks,"Pakora, Tea",500,9,0.92,8,0.95,474,482,449,73.36,68.19,5.17,0,0,28.8,77.96,73.93,4.03,72.67
2025-08-22,Friday,Breakfast,"Idli, Sambar, Chutney",500,17,0.92,16,0.85,424,440,440,119.22,113.69,5.53,0,0,32.2,121.77,114.42,7.35,117.28
2025-08-22,Friday,Dinner,"Veg Biryani, Raita",500,24,0.83,20,0.92,459,479,467,197.6,188.52,9.08,0,0,31.6,221.84,213.93,7.91,217.24
2025-08-22,Friday,Lunch,"Dal, Rice, Roti, Mixed Veg",500,15,0.9,13,0.92,458,471,491,213.46,204.64,8.81,0,0,31.4,209.28,204.09,5.19,201.68
2025-08-22,Friday,Snacks,"Sandwich, Juice",500,16,0.93,15,0.86,432,447,482,77.96,73.93,4.03,0,0,31.0,65.92,61.02,4.9,63.16
2025-08-23,Saturday,Breakfast,"Bread Omelette, Milk",500,19,0.91,17,0.78,388,405,440,121.77,114.42,7.35,0,0,28.4,113.01,104.22,8.79,108.65
2025-08-23,Saturday,Dinner,"Paneer Curry, Roti, Rice",500,28,0.86,24,0.85,425,449,479,221.84,213.93,7.91,0,0,33.3,213.21,201.42,11.79,205.9
2025-08-23,Saturday,Lunch,"Sambar Rice, Papad",500,23,0.93,21,0.89,444,465,471,209.28,204.09,5.19,0,0,28.6,197.15,186.7,10.45,188.54
2025-08-23,Saturday,Snacks,"Pakora, Tea",500,11,0.93,10,0.85,424,434,447,65.92,61.02,4.9,0,0,30.1,65.61,59.9,5.71,64.22
2025-08-24,Sunday,Breakfast,"Idli, Sambar, Chutney",500,14,0.88,12,0.83,416,428,405,113.01,104.22,8.79,0,0,28.3,114.87,105.72,9.15,112.04
2025-08-24,Sunday,Dinner,"Veg Biryani, Raita",500,14,0.94,13,0.86,432,445,449,213.21,201.42,11.79,0,0,26.8,200.48,188.25,12.22,192.54
2025-08-24,Sunday,Lunch,"Rajma, Rice, Salad",500,22,0.9,20,0.88,438,458,465,197.15,186.7,10.45,0,0,29.3,205.2,194.74,10.46,198.26
2025-08-24,Sunday,Snacks,Fruit Chaat,500,4,0.91,4,0.86,430,434,434,65.61,59.9,5.71,0,0,32.2,59.89,56.41,3.49,56.75
2025-08-25,Monday,Breakfast,"Idli, Sambar, Chutney",500,8,0.93,7,0.84,422,429,428,114.87,105.72,9.15,0,0,29.7,114.15,106.76,7.39,109.22
2025-08-25,Monday,Dinner,"Veg Biryani, Raita",500,31,0.88,27,0.9,451,478,445,200.48,188.25,12.22,0,0,29.0,214.8,205.14,9.66,202.81
2025-08-25,Monday,Lunch,"Chole, Roti, Curd",500,21,0.93,20,0.95,476,496,458,205.2,194.74,10.46,0,0,33.3,213.91,205.64,8.27,202.42
2025-08-25,Monday,Snacks,"Pakora, Tea",500,13,0.91,12,0.89,446,458,434,59.89,56.41,3.49,0,0,28.4,71.64,68.91,2.73,69.75
2025-08-26,Tuesday,Breakfast,"Upma, Coffee",500,9,0.96,9,0.82,410,419,429,114.15,106.76,7.39,0,0,30.4,102.77,95.48,7.29,98.22
2025-08-26,Tuesday,Dinner,"Paneer Curry, Roti, Rice",500,13,0.88,11,0.96,478,489,478,214.8,205.14,9.66,0,0,30.0,226.06,214.38,11.68,218.99
2025-08-26,Tuesday,Lunch,"Rajma, Rice, Salad",500,15,0.89,13,0.93,464,477,496,213.91,205.64,8.27,0,0,31.5,212.78,204.9,7.87,198.39
2025-08-26,Tuesday,Snacks,Fruit Chaat,500,16,0.88,14,0.91,454,468,458,71.64,68.91,2.73,0,0,31.8,59.16,57.25,1.9,57.91
2025-08-27,Wednesday,Breakfast,"Upma, Coffee",500,12,0.88,11,0.89,446,457,419,102.77,95.48,7.29,0,0,33.8,113.62,108.27,5.35,107.68
2025-08-27,Wednesday,Dinner,"Paneer Curry, Roti, Rice",500,32,0.94,30,0.91,454,484,489,226.06,214.38,11.68,0,0,27.9,218.48,211.39,7.08,207.91
2025-08-27,Wednesday,Lunch,"Dal, Rice, Roti, Mixed Veg",500,7,0.8,6,0.95,477,483,477,212.78,204.9,7.87,0,0,31.4,218.08,204.47,13.61,209.04
2025-08-27,Wednesday,Snacks,"Pakora, Tea",500,6,0.96,6,0.94,472,478,468,59.16,57.25,1.9,0,0,33.3,70.66,66.79,3.87,68.94
2025-08-28,Thursday,Breakfast,"Idli, Sambar, Chutney",500,16,0.89,14,0.89,446,460,457,113.62,108.27,5.35,0,0,29.5,124.68,116.89,7.79,122.02
2025-08-28,Thursday,Dinner,"Khichdi, Papad",500,18,0.9,16,0.9,448,464,484,218.48,211.39,7.08,0,0,31.9,199.83,190.62,9.21,188.0
2025-08-28,Thursday,Lunch,"Chole, Roti, Curd",500,14,0.87,12,0.93,464,476,483,218.08,204.47,13.61,0,0,29.1,216.9,204.81,12.09,203.11
2025-08-28,Thursday,Snacks,"Pakora, Tea",500,8,0.88,7,0.89,446,453,478,70.66,66.79,3.87,0,0,29.2,70.64,65.88,4.77,67.99
2025-08-29,Friday,Breakfast,"Idli, Sambar, Chutney",500,15,0.91,14,0.89,446,460,460,124.68,116.89,7.79,0,0,27.7,121.37,114.41,6.97,117.39
2025-08-29,Friday,Dinner,"Veg Biryani, Raita",500,25,0.9,22,0.93,464,486,464,199.83,190.62,9.21,0,0,30.0,216.33,203.49,12.83,208.07
2025-08-29,Friday,Lunch,"Dal, Rice, Roti, Mixed Veg",500,22,0.97,21,0.91,456,477,476,216.9,204.81,12.09,0,0,29.4,209.53,201.14,8.39,196.89
2025-08-29,Friday,Snacks,"Sandwich, Juice",500,11,0.95,10,0.93,466,476,453,70.64,65.88,4.77,0,0,31.8,68.19,65.38,2.82,63.44
2025-08-30,Saturday,Breakfast,"Bread Omelette, Milk",500,5,0.96,5,0.78,388,393,460,121.37,114.41,6.97,0,0,37.1,106.92,99.13,7.79,101.78
2025-08-30,Saturday,Dinner,"Paneer Curry, Roti, Rice",500,14,0.88,12,0.85,426,438,486,216.33,203.49,12.83,0,0,31.9,193.03,180.9,12.13,188.74
2025-08-30,Saturday,Lunch,"Sambar Rice, Papad",500,34,0.86,29,0.89,444,473,477,209.53,201.14,8.39,0,0,31.4,198.34,185.61,12.74,192.51
2025-08-30,Saturday,Snacks,"Pakora, Tea",500,2,0.91,2,0.85,424,426,476,68.19,65.38,2.82,0,0,30.6,66.91,60.98,5.93,64.92
2025-08-31,Sunday,Breakfast,"Idli, Sambar, Chutney",500,2,0.95,2,0.84,418,420,393,106.92,99.13,7.79,0,0,26.2,113.16,107.16,6.0,109.11
2025-08-31,Sunday,Dinner,"Veg Biryani, Raita",500,29,0.85,25,0.89,445,470,438,193.03,180.9,12.13,0,0,31.5,216.63,204.94,11.69,203.48
2025-08-31,Sunday,Lunch,"Rajma, Rice, Salad",500,11,0.81,9,0.86,432,441,473,198.34,185.61,12.74,0,0,26.2,190.05,181.96,8.09,180.12
2025-08-31,Sunday,Snacks,Fruit Chaat,500,5,0.96,5,0.84,422,427,426,66.91,60.98,5.93,0,0,29.5,56.89,53.94,2.95,55.32
2025-09-01,Monday,Breakfast,"Idli, Sambar, Chutney",500,2,0.85,2,0.85,426,428,420,113.16,107.16,6.0,0,0,30.3,114.59,107.64,6.95,110.49
2025-09-01,Monday,Dinner,"Veg Biryani, Raita",500,6,0.82,5,0.95,476,481,470,216.63,204.94,11.69,0,0,29.8,224.7,214.05,10.66,212.57
2025-09-01,Monday,Lunch,"Chole, Roti, Curd",500,14,0.94,13,0.91,453,466,441,190.05,181.96,8.09,0,0,27.8,208.41,200.33,8.08,197.67
2025-09-01,Monday,Snacks,"Pakora, Tea",500,6,0.89,5,0.89,445,450,427,56.89,53.94,2.95,0,0,25.3,72.12,69.07,3.05,67.21
2025-09-02,Tuesday,Breakfast,"Upma, Coffee",500,15,0.83,12,0.77,386,398,428,114.59,107.64,6.95,1,0,28.1,97.22,85.4,11.81,91.71
2025-09-02,Tuesday,Dinner,"Paneer Curry, Roti, Rice",500,39,0.81,32,0.82,412,444,481,224.7,214.05,10.66,1,0,29.2,199.45,180.77,18.68,192.89
2025-09-02,Tuesday,Lunch,"Rajma, Rice, Salad",500,10,0.9,9,0.81,407,416,466,208.41,200.33,8.08,1,0,30.5,192.2,177.18,15.02,180.37
2025-09-02,Tuesday,Snacks,Fruit Chaat,500,25,0.93,23,0.78,390,413,450,72.12,69.07,3.05,1,0,31.8,57.14,53.26,3.88,54.25
2025-09-03,Wednesday,Breakfast,"Upma, Coffee",500,13,0.9,12,0.88,438,450,398,97.22,85.4,11.81,0,0,30.6,108.99,103.87,5.11,105.91
2025-09-03,Wednesday,Dinner,"Paneer Curry, Roti, Rice",500,30,0.88,26,0.87,436,462,444,199.45,180.77,18.68,0,0,30.0,214.79,203.59,11.19,207.2
2025-09-03,Wednesday,Lunch,"Dal, Rice, Roti, Mixed Veg",500,8,0.87,7,0.91,455,462,416,192.2,177.18,15.02,0,0,28.5,209.78,197.31,12.47,198.2
2025-09-03,Wednesday,Snacks,"Pakora, Tea",500,20,0.88,18,0.89,446,464,413,57.14,53.26,3.88,0,0,29.3,71.97,68.08,3.88,67.1
2025-09-04,Thursday,Breakfast,"Idli, Sambar, Chutney",500,13,0.9,12,0.83,417,429,450,108.99,103.87,5.11,0,0,30.9,110.75,102.34,8.41,106.31
2025-09-04,Thursday,Dinner,"Khichdi, Papad",500,8,0.91,7,0.87,436,443,462,214.79,203.59,11.19,0,0,25.4,174.26,165.11,9.14,169.59
2025-09-04,Thursday,Lunch,"Chole, Roti, Curd",500,18,0.92,17,0.91,456,473,462,209.78,197.31,12.47,0,0,28.7,200.71,187.58,13.14,193.68
2025-09-04,Thursday,Snacks,"Pakora, Tea",500,20,0.88,18,0.9,452,470,464,71.97,68.08,3.88,0,0,29.2,74.16,69.15,5.01,69.38
2025-09-05,Friday,Breakfast,"Idli, Sambar, Chutney",500,17,0.86,15,0.88,438,453,429,110.75,102.34,8.41,0,0,30.5,126.23,119.72,6.51,120.59
2025-09-05,Friday,Dinner,"Veg Biryani, Raita",500,32,0.94,30,0.92,460,490,443,174.26,165.11,9.14,0,0,28.3,228.06,216.06,12.01,218.2
2025-09-05,Friday,Lunch,"Dal, Rice, Roti, Mixed Veg",500,7,0.88,6,0.93,466,472,473,200.71,187.58,13.14,0,0,30.2,206.3,196.17,10.12,198.82
2025-09-05,Friday,Snacks,"Sandwich, Juice",500,14,0.88,12,0.88,442,454,470,74.16,69.15,5.01,0,0,29.6,69.25,64.66,4.59,65.11
2025-09-06,Saturday,Breakfast,"Bread Omelette, Milk",500,17,0.82,14,0.86,430,444,453,126.23,119.72,6.51,0,0,21.4,121.98,114.75,7.23,116.88
2025-09-06,Saturday,Dinner,"Paneer Curry, Roti, Rice",500,8,0.86,7,0.89,444,451,490,228.06,216.06,12.01,0,0,27.6,208.24,197.77,10.48,196.81
2025-09-06,Saturday,Lunch,"Sambar Rice, Papad",500,11,0.88,10,0.87,436,446,472,206.3,196.17,10.12,0,0,26.0,184.9,181.57,3.33,179.46
2025-09-06,Saturday,Snacks,"Pakora, Tea",500,6,0.96,6,0.86,430,436,454,69.25,64.66,4.59,0,0,26.3,71.43,65.27,6.16,67.72
2025-09-07,Sunday,Breakfast,"Idli, Sambar, Chutney",500,7,0.94,7,0.85,426,433,444,121.98,114.75,7.23,0,0,24.9,112.16,106.46,5.7,107.77
2025-09-07,Sunday,Dinner,"Veg Biryani, Raita",500,22,0.89,20,0.88,442,462,451,208.24,197.77,10.48,0,0,26.2,212.36,203.67,8.69,201.14
2025-09-07,Sunday,Lunch,"Rajma, Rice, Salad",500,18,0.98,18,0.89,445,463,446,184.9,181.57,3.33,0,0,29.1,206.6,195.79,10.8,192.39
2025-09-07,Sunday,Snacks,Fruit Chaat,500,8,0.86,7,0.87,435,442,436,71.43,65.27,6.16,0,0,28.2,57.88,54.62,3.25,55.21
